Date,Calories (kcal),Distance (m),Low latitude (deg),Low longitude (deg),High latitude (deg),High longitude (deg),Average speed (m/s),Max speed (m/s),Min speed (m/s),Step count,Average weight (kg),Max weight (kg),Min weight (kg),Move Minutes count,Biking duration (ms),Inactive duration (ms),Walking duration (ms),Running duration (ms)
2019-03-07,532.4114738541667,,,,,,,,,,,,,,,,,
2019-03-08,1634.5,,,,,,,,,,,,,,,,,
2019-03-09,1691.2538110194118,358.85875177383423,45.5897387,5.2405704,45.5904054,5.2520445,1.0408203955117439,12.350000381469727,0.26694250106811523,1386,75.0,75.0,75.0,24,,27152308,941952,
2019-03-10,1762.871834835143,712.6637763977051,45.5965071,5.228516,45.5971421,5.2287324,1.075931671258873,12.630000114440918,0.07806913554668427,857,,,,21,843922,82586201,1228407,
2019-03-11,1767.6007537549544,1416.1327131986618,48.883515,2.2567687,48.8848159,2.2581228,0.914935386870404,8.350000381469727,0.3175318241119385,2435,,,,29,,74290645,2182889,
2019-03-12,1865.025733525628,2750.724403142929,48.8350567,2.2561255,48.8850962,2.3642516,1.2135310899056013,4.53616189956665,0.2107553482055664,4799,,,,64,,81197210,3826231,
2019-03-13,2021.4101710580694,4784.370592594147,48.835378,2.2383147,48.8916861,2.364163,1.2151519703913782,2.9800000190734863,0.30035170912742615,8039,,,,106,,72896650,6421868,
2019-03-14,1891.5716439910384,2581.4707050323486,,,,,0.7593118124543808,1.6806424856185913,0.3270370662212372,5360,,,,89,,71312897,4266833,
2019-03-15,2131.7336945416973,8036.348560452461,-8.7430346,115.1282642,-8.6401014,115.1690873,1.113722775151434,29.0,0.055407799780368805,9365,,,,131,1124615,70958874,7035170,
2019-03-16,1898.965213709626,6401.770608305931,-8.6540897,115.1176054,-8.6431135,115.1288533,1.8907691853524267,31.0,0.020419789478182793,4392,,,,77,1228123,78245499,3068573,
2019-03-17,2058.9896161678485,3378.0660350322723,-8.6550776,115.0859266,-8.6166117,115.1252152,0.9160988491421638,18.0,0.08042973279953003,6704,,,,87,,77119048,7045607,
2019-03-18,2106.2134968450914,11420.499975919724,-8.656237,115.1192384,-8.6348514,115.1551538,1.7520581004055293,41.0,0.03506658971309662,4951,,,,112,3149152,76413474,4462481,
2019-03-19,1918.7138334380902,10496.866749048233,-8.6535866,115.1268623,-8.6326127,115.1357036,1.1138199697168132,12.300000190734863,0.32554489374160767,1942,,,,69,3088821,81138185,1414898,
2019-03-20,2333.4162369635,8087.792206287384,-8.6391069,115.1310566,-8.5139669,115.2641401,1.1673359825229352,25.0,0.10191787034273148,12594,,,,151,,69644717,11600492,
2019-03-21,2097.326341774326,5921.638335347176,-8.5182382,115.2539691,-8.4951472,115.2639474,0.9470623799523001,6.329999923706055,0.13567450642585754,9292,,,,106,,77584205,7681914,
2019-03-22,1841.4147660427604,2034.9040892720222,-8.518275,115.2614095,-8.5157869,115.2653652,1.3338831576262478,12.729999542236328,0.19126571714878082,3816,,,,47,,78367539,3434337,
2019-03-23,1994.0277817532744,4457.854902148247,-8.6593527,115.1254957,-8.6531256,115.1331157,0.5840978331757823,8.470000267028809,0.08488326519727707,2918,,,,72,2272534,80892948,2997561,236957
2019-03-24,1817.454033087091,1639.1229320764542,-8.6525485,115.1329969,-8.6516702,115.1340479,0.6742986533079939,3.9218146800994873,0.045038722455501556,2877,,,,37,,82764092,3036641,
2019-03-25,1965.870468556753,5928.443986773491,-8.6598835,115.1303904,-8.6452839,115.1412159,0.8754816711654227,12.100000381469727,0.05760490149259567,4698,,,,90,1839260,77933487,3533573,
2019-03-26,1730.260997002276,912.4283113479614,-8.65537,115.1317637,-8.6530715,115.1331938,0.6735714143292983,1.0073368549346924,0.14029113948345184,1657,,,,20,,83044257,1589426,
2019-03-27,1837.164898232341,2524.5359234809875,-8.6555865,115.1317798,-8.6531195,115.1326325,0.5266272806721417,4.378407955169678,0.2055438607931137,3289,,,,58,779726,82400077,2530149,
2019-03-28,1867.1020687410003,4084.5653241872787,-8.6595275,115.1302614,-8.6526408,115.1330316,1.0707317924285216,11.010000228881836,0.01873525232076645,4048,,,,58,544810,81530681,3278204,
2019-03-29,1765.886048426573,1013.2361872196198,-8.655459,115.1259719,-8.6536697,115.1273865,1.165140763251864,5.179999828338623,0.12005091458559036,2518,,,,26,,83784584,2134136,
2019-03-30,2190.8114984645736,4897.023953437805,-8.6635736,115.1308492,-8.6479758,115.1391488,0.7777044032119623,8.739999771118164,0.011736256070435047,5812,,,,123,2652505,74694012,6397619,
2019-03-31,1820.7377969962815,1657.4824010133743,-8.6563252,115.1266268,-8.6463782,115.1364947,0.6586875010624239,6.0,0.25480207800865173,3438,,,,42,,79557184,3045211,
2019-04-01,2035.9626201189776,5206.995069980621,-8.6643729,115.1271982,-8.6527588,115.1465708,0.7537267543691899,9.460000038146973,0.11099700629711151,3995,,,,88,2095406,79347271,4423090,
2019-04-02,1908.6854884387865,4686.95638692379,-8.6593913,115.1268203,-8.6514116,115.1347261,1.1530573983066223,3.8735499382019043,0.08251726627349854,1924,,,,60,2390746,81243682,1924163,
2019-04-03,1898.3415966208925,2779.9950264692307,-8.6615583,115.1281672,-8.6524744,115.1337225,0.5493987257145323,7.840000152587891,0.27380311489105225,3992,,,,57,404265,81254828,3946975,
2019-04-04,1841.8014976303639,2041.8479756116867,-8.6595456,115.1282861,-8.6463687,115.1365063,0.5893614714258262,7.679999828338623,0.0650210976600647,4149,,,,57,,79846138,3440755,
2019-04-05,1693.1236337231574,228.4904546737671,,,,,1.0384008447186988,4.900000095367432,0.2558199167251587,762,,,,8,,84442399,973026,
2019-04-06,2481.1472702662786,11958.916425585747,-8.6597864,115.1222354,-8.2641687,115.183389,1.1829023599338258,12.119999885559082,0.024219201877713203,7961,,,,192,6167915,56960079,7458035,
2019-04-07,1789.8141464027597,3831.0258328318596,-8.6550751,115.130863,-8.6453613,115.1411696,0.6122646387627427,1.5099999904632568,0.28645190596580505,1121,,,,22,484127,56024361,1957332,
2019-04-08,1911.4650011295998,5335.844934225082,-8.6598054,115.1298645,-8.645326,115.1411091,0.706400151878969,6.852054119110107,0.12924350798130035,2929,,,,58,1481861,81269928,3012676,
2019-04-09,1739.2003837095938,1013.6354713439941,,,,,0.6414928196418598,10.140000343322754,0.29458045959472656,1466,,,,23,,83918170,1515850,97371
2019-04-10,1996.1628135060853,3289.332841783762,-8.7446957,115.1660662,-8.7314336,115.178671,33.97797225233808,218.4499969482422,0.26687535643577576,5606,,,,77,,66611380,5820542,
2019-04-11,1945.058583905311,3126.1516548991203,-13.1021233,130.7823498,-12.47117,130.9832879,5.207839637052449,37.279998779296875,0.2726103663444519,7664,,,,86,,72038253,5151289,
2019-04-12,2453.485181792492,8394.525087699294,-13.2055588,130.6818237,-13.161738,130.7142859,5.914499064224841,102.0,0.2674334645271301,15344,,,,214,,66188391,13593375,
2019-04-13,2226.750269626589,6117.211788833141,-12.7105197,130.830722,-12.4410562,130.9936222,6.109323026747908,93.0,0.06901291757822037,9112,,,,146,764092,63917426,9013137,
2019-04-14,2154.5244175389626,5410.778195091578,-12.3625294,130.8655929,-12.3313109,130.9131165,1.4553008561303682,23.299999237060547,0.2558199167251587,10261,,,,140,,69138353,8622479,
2019-04-15,2147.942970879264,11836.439898735789,-8.7395922,115.1272668,-8.6514431,115.167962,1.0180600228183383,14.1899995803833,0.017362339422106743,3285,,,,102,4548597,74513867,3657000,
2019-04-16,1736.9952010645168,2138.4677562713623,,,,,2.5050582632901555,5.789604663848877,0.3248315751552582,1405,,,,18,279544,84302472,1342461,
2019-04-17,1762.8893398322414,1641.070421218872,-8.658088,115.1238826,-8.6539633,115.1285104,0.48961910025799105,4.400000095367432,0.2456119954586029,3390,,,,40,,83849352,2130985,
2019-04-18,1815.318096733739,2312.321571826935,-8.6576194,115.1234861,-8.6535803,115.1280382,1.6074216512783919,6.019999980926514,0.033046141266822815,3540,,,,38,,72954621,2887293,
2019-04-19,1871.229569987548,1705.001352906227,-8.6594134,115.125845,-8.6528723,115.1310962,0.7327723133614501,2.454042911529541,0.08148718625307083,1413,,,,50,2116659,59154631,1666156,
2019-04-20,1878.278192280619,7003.374131679535,-8.6550264,115.130407,-8.643107,115.1466169,1.5344646608012185,12.25,0.03756474703550339,1257,,,,58,2655254,80554459,1085695,
2019-04-21,2005.2967381138017,11933.189125478268,-8.6747292,115.1299965,-8.6513719,115.1477331,1.8471827210658447,12.59000015258789,0.019242363050580025,4976,,,,94,2324091,79916008,3669602,
2019-04-22,1831.80150011691,2329.7901287078857,-8.6626427,115.1276833,-8.6572986,115.1339115,1.0521519264441348,5.21999979019165,0.09276274591684341,4531,,,,55,,82158880,3274774,
2019-04-23,1907.5596487836751,2989.3805594444275,-8.6622193,115.1282176,-8.6527565,115.1334551,1.8898658869599314,6.090000152587891,0.12166845798492432,5584,,,,86,1108251,79905136,3347305,
2019-04-24,2099.111039751753,2709.419249534607,-8.6598789,115.126725,-8.6533677,115.1321278,0.6381223475153497,2.990617513656616,0.01020380761474371,2100,,,,117,5641622,75303095,1679753,
2019-04-25,1765.7577989877075,1342.1473927497864,-8.6598961,115.129609,-8.6425512,115.1365121,0.5704168558713092,1.1249479055404663,0.24253761768341064,2247,,,,29,,84065793,2178595,
2019-04-26,1808.7952616122739,2820.171838402748,-8.6549211,115.1268716,-8.6524303,115.130774,0.9675075533010729,7.420000076293945,0.2152942568063736,1681,,,,38,1287448,83186624,1516441,
2019-04-27,1912.0152943800376,3156.2980008125305,-8.6549089,115.1253455,-8.6537126,115.1307046,0.7857593507168907,3.304978847503662,0.09967249631881714,3128,,,,60,1362361,80654448,3149573,
2019-04-28,1845.606390207655,1427.5919744968414,-8.3404265,114.7500607,-8.3388587,114.7521801,4.171242990752256,36.0,0.049680326133966446,3415,,,,47,,63709859,3503908,
2019-04-29,2212.060568936775,6103.99098443985,-8.1576114,114.4729761,-8.092863,114.5119566,2.7389484764583365,20.399999618530273,0.06347458809614182,11014,,,,143,,58901730,9586253,
2019-04-30,2034.2800252213308,4052.7848720550537,-8.320002,115.0394218,-8.3173304,115.0465617,5.618581635980272,50.0,0.11788049340248108,6929,,,,88,,60191542,6230542,172749
2019-05-01,2095.499250103374,9569.903805911541,-8.660264,115.128422,-8.6369175,115.1557073,1.1751993002932233,12.4399995803833,0.0500679537653923,2949,,,,100,3955660,78174880,3384627,
2019-05-02,1747.6277873953966,705.5579817295074,,,,,0.843022930386496,9.84000015258789,0.2749665081501007,1453,,,,25,621773,83799511,1212904,
2019-05-03,1839.639711316858,1009.0566490888596,-8.6549199,115.1307243,-8.6549199,115.1307243,1.9664025042154165,22.760000228881836,0.2517201006412506,1659,,,,47,1547553,74267231,1632218,
2019-05-04,1853.6487251741346,2463.764483690262,-8.6619594,115.1278755,-8.6575117,115.1331307,1.487530970162381,8.0,0.26694250106811523,4616,,,,55,,79752637,3637395,
2019-05-05,2113.2733573959968,12897.306900978088,-8.6744645,115.1301047,-8.6514564,115.1478246,0.8622479043558209,14.039999961853027,0.07474904507398605,6525,,,,119,2563322,67791494,5206005,
2019-05-06,1951.8658949555836,2834.123064994812,-8.6614962,115.1329409,-8.6614239,115.1331443,0.6363878286523089,3.430000066757202,0.2564597725868225,4533,,,,73,932241,55862566,4209566,
2019-05-07,2039.1954809328759,2894.1640479564667,-8.6624152,115.1268534,-8.6515601,115.1336111,1.2656431620001243,10.40999984741211,0.2996425926685333,3602,,,,99,3300363,78853048,3188460,
2019-05-08,1941.8014623039414,2159.521434187889,-8.6595321,115.1282287,-8.6548203,115.1307266,1.043394248234303,8.180000305175781,0.2660291790962219,3045,,,,69,1853373,80652118,3102770,
2019-05-09,1703.594325793365,1254.0161554813385,,,,,1.015116630004707,3.483903169631958,0.3650287687778473,2380,,,,32,,81182717,860550,
2019-05-10,1735.9825969455171,1959.4843344688416,-8.6551115,115.125603,-8.6527793,115.1309556,0.6819240726158315,2.50036358833313,0.2660711705684662,1046,,,,32,993533,81370469,622148,
2019-05-11,2126.9978651980578,7402.330563187599,-8.6991153,115.4295496,-8.6635033,115.4668163,1.7120581709087586,35.0,0.04603198170661926,5132,,,,119,3854949,56600206,3911844,
2019-05-12,2204.061421543024,12376.471981048584,-8.7523968,115.437525,-8.6635915,115.4746024,2.0625138348887417,39.0,0.04910024628043175,10600,,,,178,2624138,35839859,6624669,
2019-05-13,1815.8744804407172,2326.3164343833923,,,,,0.7210632103921487,5.78000020980835,0.24896767735481262,4656,,,,57,,74895686,2694910,132067
2019-05-14,1715.4179983606698,168.57668948173523,,,,,2.922594914829165,12.319999694824219,0.4229215383529663,749,,,,22,995311,78983133,278921,
2019-05-15,1668.9504212413299,253.25093734264374,,,,,0.723822726463744,1.2799999713897705,0.33367815613746643,1402,,,,19,,77343823,571804,
2019-05-16,1649.1532980249797,221.0985336303711,,,,,0.9853811272162633,10.75,0.30793777108192444,546,,,,6,,77495038,209502,
2019-05-17,1648.2074689003878,131.07107639312744,,,,,1.4628066739797807,6.690000057220459,0.3294380009174347,847,,,,10,,82076301,227518,
2019-05-18,1672.075157644798,311.2701784670353,,,,,0.8724132798817711,6.71999979019165,0.265473335981369,1348,,,,20,,71876068,623667,
2019-05-19,1797.5841612100712,2378.5098412036896,-8.6617225,115.1269857,-8.6567091,115.1330295,0.8684396112669328,8.210000038146973,0.33910071849823,4121,,,,47,,55125500,2656095,
2019-05-20,1717.785344322105,883.9337995648384,,,,,0.6433925121653702,4.0,0.31143295764923096,2124,,,,31,,80251644,1382357,
2019-05-21,1775.963233852119,1736.679144833237,-8.6612811,115.1282436,-8.6549059,115.1320355,0.794236091042003,12.25,0.305614173412323,4029,,,,50,,74265823,2347986,
2019-05-22,1815.9226945574146,592.039592385292,-8.6549103,115.1306461,-8.6548869,115.1307476,0.5411555900764772,8.8100004196167,0.04624849185347557,1866,,,,52,1741717,80878211,1149054,
2019-05-23,1788.543760956511,1959.144066810608,-8.660181,115.1282127,-8.6526608,115.1319238,0.9823355464283908,2.258474111557007,0.26093190908432007,2093,,,,41,1019136,81672966,1467175,
2019-05-24,1679.810668466047,158.93702602386475,,,,,3.0020955086367263,9.0,0.3440411388874054,1677,,,,19,,80739146,752060,
2019-05-25,1967.6345961479394,3718.973421216011,-8.1932457,115.1347776,-8.1723532,115.1847645,4.321756280164706,21.1299991607666,0.18304277956485748,8849,,,,112,,59764098,4931982,257659
2019-05-26,1883.5563026775453,2786.5122523605824,-8.2597387,115.0661702,-8.2571518,115.0709043,0.9731711197066117,5.96999979019165,0.0,5967,,,,87,435732,79348084,3667930,
2019-05-27,2096.6047340621153,6004.296339809895,-8.2666058,115.0911707,-8.2500693,115.1038771,2.3888537673642123,19.450000762939453,0.0702734887599945,11912,,,,138,,67933374,7479541,61465
2019-05-28,1745.097592433205,1060.9698770046234,,,,,0.7610709436000073,2.1600000858306885,0.15710397064685822,3712,,,,53,,79738524,1835682,
2019-05-29,1693.680828957774,636.2445368766785,,,,,0.7329515154693452,10.960000038146973,0.06638655066490173,1913,,,,23,,79082150,982276,
2019-05-30,1814.7497053333025,2017.3771967589855,-8.6616987,115.1289105,-8.6585731,115.1342996,0.7014223108222399,4.104531764984131,0.31890246272087097,4423,,,,60,,78503591,2833949,69231
2019-05-31,1727.974011429935,481.17017459869385,,,,,0.6880212393833979,2.630000114440918,0.33497315645217896,2530,,,,39,683790,82095336,820389,
2019-06-01,1824.8543497095627,2170.639294862747,-8.6616382,115.1286292,-8.6581228,115.1329902,0.6036087367542435,3.7200000286102295,0.2673119604587555,4293,,,,56,,81416070,3159470,
2019-06-02,1802.6798550216358,2182.125329732895,-8.6517537,115.1286358,-8.6517537,115.1286358,0.5761865031997783,1.2949597835540771,0.25652623176574707,4408,,,,53,,79816797,2791425,
2019-06-03,1794.502499445293,2386.8818106651306,-8.6663699,115.126263,-8.6560052,115.1388896,1.7890420501676234,5.0,0.13643094897270203,4636,,,,47,,78774762,2497104,69575
2019-06-04,1930.0020115009202,4003.5692623257637,-8.6616759,115.1279709,-8.6431261,115.1422664,1.0403649161754156,14.069999694824219,0.1461350917816162,5052,,,,80,1143043,76003897,3352765,124642
2019-06-05,1791.9759113513394,1774.9443720579147,-8.6613232,115.1284082,-8.6580116,115.1332179,0.6419644918513799,2.0299999713897705,0.2492688149213791,3904,,,,48,,79470099,2613758,
2019-06-06,1803.5607770852173,1634.6820755004883,-8.6601446,115.1282702,-8.6581208,115.1309815,3.166010927585583,9.109999656677246,0.26694250106811523,3320,,,,44,704076,79880033,2053276,
2019-06-07,1789.2932174364714,1153.4776916503906,,,,,1.2338722824700017,4.239999771118164,0.14837568998336792,4287,,,,44,,75261495,1725787,365798
2019-06-08,1802.2905347646772,476.4969701766968,-8.6533887,115.1266474,-8.6533887,115.1266474,0.8455676977923006,8.979999542236328,0.3085494637489319,2363,,,,47,1325437,76975200,1367858,
2019-06-09,1766.3117104181815,1491.6893708705902,-8.6618327,115.1283819,-8.6571797,115.1333508,0.9812319891656859,4.599999904632568,0.3002448081970215,3428,,,,41,,72503055,2187789,
2019-06-10,1904.412399243926,916.1781035959721,,,,,2.603706150453097,13.1899995803833,0.08601617068052292,2608,,,,78,2441576,37981215,1869531,
2019-06-11,1690.004855815883,500.7249298095703,,,,,0.7499005893130943,1.0963709354400635,0.3225555419921875,1613,,,,21,,49798071,921262,
2019-06-12,1872.612556475,2560.8302305936813,-31.9416662,115.1656907,-8.742838,115.9753644,39.138783988102155,192.39999389648438,0.24029378592967987,5932,,,,86,,75455916,3952154,
2019-06-13,1891.3278824072843,3545.732487156987,-31.9558453,115.8373747,-31.9494252,115.8585339,0.9817074140783363,38.0,0.17852510511875153,5412,,,,73,,79608893,4129212,
2019-06-14,1984.5442323754326,4858.720364570618,-31.9589158,115.8198387,-31.9392221,115.8719955,1.003120701067195,18.469999313354492,0.04691746458411217,8318,,,,105,,76721816,5808345,
2019-06-15,2045.2734472924526,5330.958223104477,-31.9848646,115.818026,-31.9547651,115.8651749,3.720349256484543,71.0,0.10310465097427368,9012,,,,104,,75334091,6753029,
2019-06-16,1774.4293441497412,992.170956492424,,,,,4.606616052149222,30.0,0.2519904673099518,2595,,,,27,,80529965,2303291,
2019-06-17,2018.2260737954741,4789.399291691836,-32.3695686,116.0069917,-32.3651638,116.0219629,4.008918667628475,29.510000228881836,0.226736381649971,8962,,,,132,,65866117,6351627,
2019-06-18,1966.6967638625374,4199.455547809601,-31.9683991,115.8676625,-31.9566442,116.0771756,3.790807571513634,41.0,0.300310343503952,7341,,,,99,824340,63193627,4632398,
2019-06-19,2096.303814316212,6607.286260768771,-31.9578932,115.134045,-30.5934548,115.8709084,17.784681846615317,121.0,0.2818296253681183,11849,,,,154,,26779940,7664943,
2019-06-20,1812.1666809489186,1405.0737566947937,-31.957884,115.8708872,-31.957884,115.8708872,1.3476546412905794,3.0,0.27806511521339417,2891,,,,37,,82065933,2948883,
2019-06-21,2029.1034817238635,5080.1377947330475,-31.9653045,115.833418,-31.9556749,115.8727418,0.9461277061047326,26.0,0.3178657293319702,9869,,,,111,,74984757,6548279,
2019-06-22,1820.5012595582677,1633.246685743332,,,,,0.6590691794287086,1.3371388912200928,0.2891877293586731,3059,,,,45,664715,81416261,2376533,
2019-06-23,1826.6352934900092,2217.2848346829414,-31.9443589,115.1660429,-8.7425331,115.9731753,2.5171807754753894,89.0,0.2558199167251587,5943,,,,88,,65962654,3189030,
2019-06-24,2125.3327636423874,7762.308046936989,-8.8162494,115.088511,-8.7960677,115.1192863,1.820060642995643,12.449999809265137,0.02593907341361046,7440,,,,139,2857313,73468337,5052138,
2019-06-25,1841.687682374526,2553.282977104187,-8.8077714,115.1105314,-8.8052176,115.1138473,2.5016420980625234,46.0,0.251825213432312,5222,,,,62,,72398127,3438867,
2019-06-26,1801.8443829711596,1894.806746006012,-8.6617884,115.1278208,-8.6575143,115.1330466,0.8759564569581284,3.059999942779541,0.27806511521339417,4097,,,,47,,78699177,2777556,
2019-06-27,1878.7490634631095,1809.122916817665,-8.6623137,115.131462,-8.660844,115.1335847,0.8042398720674583,2.559999942779541,0.30078065395355225,3678,,,,61,732001,75947360,3271381,
2019-06-28,1661.8566111381806,70.67986488342285,,,,,0.5479649714974345,1.7599999904632568,0.3204241096973419,955,,,,6,,83194039,454061,
2019-06-29,1812.2332629677855,1502.4219071865082,-8.6618084,115.1281149,-8.6577844,115.1329447,1.363583524057148,11.779999732971191,0.4965790808200836,3374,,,,45,607434,78772702,2300544,
2019-06-30,1652.873735025747,181.49783092737198,,,,,1.6000322972562735,14.90999984741211,0.3899533152580261,826,,,,4,,81367331,304965,
2019-07-01,1914.6267233884023,2705.0744301080704,-8.6622383,115.1281498,-8.6572108,115.1334556,0.9484926363994141,8.3100004196167,0.3313840925693512,4427,,,,68,1197191,70604135,3191080,
2019-07-02,1790.5589411535575,1905.170174151659,-8.6617981,115.1280515,-8.6476099,115.1329154,1.3336355087484997,16.06999969482422,0.26349925994873047,4003,,,,49,,51458280,2590242,
2019-07-03,1682.1782171528746,566.8248564004898,,,,,0.8331957734799637,13.729999542236328,0.20058657228946686,1502,,,,16,,78851405,791355,
2019-07-04,1736.3616905356503,1043.4635378718376,,,,,1.680738170065654,13.5600004196167,0.311665803194046,2378,,,,33,,80728625,1690683,
2019-07-05,1774.5909313376194,1350.7106729745865,,,,,1.3953713629587359,11.09000015258789,0.029574302956461906,2473,,,,28,,80410700,2244764,
2019-07-06,1897.5931990553559,1189.0267151584849,-8.6597981,115.125606,-8.6541122,115.1308758,1.4486708796687469,15.430000305175781,0.3225555419921875,2428,,,,68,2411362,79377835,1788649,
2019-07-07,1754.3104564299722,741.7536091804504,-8.660211,115.1298332,-8.6592004,115.130956,1.547522268035283,10.09000015258789,0.24439792335033417,2332,,,,43,762914,81627179,1172917,
2019-07-08,1734.7788008613522,845.3274059891701,,,,,0.6716996229376684,14.430000305175781,0.051993995904922485,2048,,,,22,,78994508,1664411,
2019-07-09,1758.6959746807277,872.6604418158531,,,,,0.9889013690852759,14.390000343322754,0.1635580062866211,2016,,,,21,,70419306,1633682,187637
2019-07-10,1745.254412172946,814.3548741340637,,,,,1.361250647424453,17.8799991607666,0.26033616065979004,1636,,,,16,,58093552,1293267,239104
2019-07-11,1774.1306233481428,1482.0396013259888,,,,,0.7145620262322122,1.2899467945098877,0.300310343503952,3146,,,,41,,79753379,2317569,
2019-07-12,1709.3961554511254,418.4294352531433,-8.6433705,115.134332,-8.6433705,115.134332,1.345935138402343,16.81999969482422,0.3127051591873169,1592,,,,23,531584,78231084,639065,
2019-07-13,2032.9017219619493,4237.069770812988,-8.3351612,115.3774841,-8.2404636,115.6547353,3.2205575281695724,20.06999969482422,0.028124362230300903,9775,,,,126,,58299749,6354974,95358
2019-07-14,1779.6007969808643,869.8028231263161,-8.4600253,115.5090555,-8.458715,115.5110207,2.9682663642541063,22.729999542236328,0.060415755957365036,3611,,,,44,,64236182,2408360,
2019-07-15,1723.7546152980533,992.7287022992969,-8.6591511,115.1299476,-8.6591511,115.1299476,1.1217235769731042,13.479999542236328,0.26694250106811523,2455,,,,31,,81448311,1481433,
2019-07-16,1753.4103057289697,630.4816329479218,,,,,0.5640186776487073,1.3300000429153442,0.2558199167251587,1832,,,,20,,82424429,1394473,254091
2019-07-17,1751.2067436233897,1493.6930760145187,-8.6614668,115.1285932,-8.6580576,115.1323251,2.609587704143997,13.15999984741211,0.3038270175457001,4693,,,,54,,77954897,1937080,
2019-07-18,1675.93146058033,315.42941123247147,,,,,1.6788003006428989,15.9399995803833,0.010275117121636868,1461,,,,14,,75667334,687675,
2019-07-19,1681.4230722924763,424.51110339164734,,,,,0.6713075485687786,8.609999656677246,0.28636661171913147,1570,,,,18,,79488684,778822,
2019-07-20,2294.0308038854987,10626.923133440316,-8.7447209,103.8503119,1.3387679,115.1684199,30.400359882767404,240.47000122070312,0.05730700492858887,15820,,,,197,,57130654,10753866,
2019-07-21,2201.6124432079273,6548.50900632143,1.2514515,103.8150935,1.3490828,103.8518203,0.8479983820580623,8.59000015258789,0.3066836893558502,11471,,,,156,,68766360,9412839,
2019-07-22,2051.58426400637,4196.550370335579,-8.7419574,103.8509633,1.3007946,115.1666056,2.4458481498298523,52.0,0.2708170711994171,8258,,,,125,,69388323,6922697,
2019-07-23,1711.0056671614182,916.9532063007355,,,,,1.0041186867040697,15.569999694824219,0.2558199167251587,1344,,,,13,74262,69934445,756885,161500
2019-07-24,1831.1768569470962,1908.4091824293137,-8.6615143,115.1286657,-8.6581134,115.1324868,0.5943817060385485,1.3799999952316284,0.26694250106811523,3991,,,,48,,71654466,3264413,
2019-07-25,1836.8687477813996,2746.4790799617767,-8.6616944,115.128294,-8.6528638,115.1330608,0.6736392429364735,14.850000381469727,0.023913590237498283,3962,,,,53,628963,77127318,2686424,
2019-07-26,1761.545829091339,1298.300579726696,-8.6620805,115.1293965,-8.6591428,115.1330812,1.6610656365591536,14.989999771118164,0.2460351288318634,2813,,,,33,,75054297,2108688,
2019-07-27,1721.8975785419677,1225.4483950138092,-8.6618062,115.1296846,-8.6591575,115.1331375,2.8949336361108204,13.319999694824219,0.33959680795669556,2533,,,,29,,81726644,1450611,
2019-07-28,1788.5128341678644,1898.61928743124,-8.6484436,115.1087653,-8.6451182,115.116619,1.1572216286926735,18.75,0.5,3919,,,,42,,80321514,2556279,
2019-07-29,1708.861883758706,325.25427865982056,,,,,0.6177844725633757,1.0817203521728516,0.5299999713897705,743,,,,15,581925,79420119,450985,70673
2019-07-30,1803.466944704912,3250.1496745944023,-8.6625736,115.1297467,-8.6590373,115.1338424,0.7385958187469605,14.6899995803833,0.25252765417099,3388,,,,45,799197,79542287,1947763,
2019-07-31,1806.9716360980829,2173.656437546015,-8.6638519,115.1290904,-8.6587869,115.1350941,0.6797646009658583,2.1700000762939453,0.24177992343902588,4898,,,,54,,77668530,2862658,
2019-08-01,1781.754185207687,1461.495787024498,-8.6617288,115.1287177,-8.6580932,115.1330228,0.7982075297712801,12.430000305175781,0.25972986221313477,2768,,,,31,,79092600,2004617,192805
2019-08-02,1739.6449519957478,1049.975016117096,,,,,1.411732792108778,15.880000114440918,0.167254239320755,1928,,,,20,,80328873,1745180,
2019-08-03,1738.19547595303,1154.1570273637772,-8.66172,115.1299286,-8.659241,115.1327936,2.071592053352939,17.600000381469727,0.26178407669067383,2433,,,,23,,80210351,1721121,
2019-08-04,1699.624237465795,381.6230049133301,,,,,0.7649107970586064,1.9299999475479126,0.28292685747146606,1291,,,,9,,80670092,1080923,
2019-08-05,1671.3748991353723,244.13976955413818,,,,,0.8686630214047042,16.989999771118164,0.33367815613746643,1233,,,,13,,78822988,612045,
2019-08-06,1780.1839059340437,2869.8616639375687,-8.661469,115.1289576,-8.6436252,115.1365766,0.7897375064957561,13.890000343322754,0.13858263194561005,3126,,,,42,578126,80419590,1799930,
2019-08-07,1772.803049370182,1743.9647004157305,-8.6616156,115.128661,-8.6579361,115.1329331,0.8658610174215129,16.09000015258789,0.26694250106811523,3037,,,,33,,79297042,2295531,
2019-08-08,1760.0424113554384,1699.0113096237183,-8.6606846,115.1288764,-8.6581473,115.1312733,0.9227439719164717,13.970000267028809,0.05704518035054207,3477,,,,41,,74663854,2083734,
2019-08-09,1752.7171138868289,118.74359130859375,,,,,1.1617351633665758,3.0799999237060547,0.3080534338951111,1032,,,,32,1395232,81503356,470426,
2019-08-10,2107.989775419224,6940.969249725342,-8.3220746,114.7248991,-8.3034549,114.7345315,3.1525172172574507,21.670000076293945,0.2724168300628662,11292,,,,148,,60419084,7676200,
2019-08-11,1759.1490236847317,1238.8335582017899,-8.6110056,115.0827496,-8.6082534,115.0839697,2.5886213098128104,21.809999465942383,0.36932823061943054,3296,,,,37,,73316358,1930113,60890
2019-08-12,1675.7176454211478,306.9001359939575,,,,,0.9439987155049431,9.050000190734863,0.3225555419921875,1607,,,,18,,78173773,684123,
2019-08-13,1720.4961609920945,155.1463531255722,,,,,1.076647398533527,16.15999984741211,0.03497576341032982,917,,,,23,934381,76052339,428350,
2019-08-14,1763.5306738946385,1798.5144501924515,-8.66178,115.1288741,-8.6582497,115.1328844,1.098201335202473,10.739999771118164,0.09456034004688263,3378,,,,42,,79479568,2141630,
2019-08-15,1790.749390944685,2159.1463758051395,-8.6610896,115.127227,-8.6573214,115.1315896,0.8047250031885363,10.390000343322754,0.24507959187030792,4560,,,,59,,78275933,2593401,
2019-08-16,1664.659740314258,247.46824193000793,,,,,2.5762680955237194,8.550000190734863,0.171296626329422,1210,,,,9,,80836609,500587,
2019-08-17,1853.5925917052023,2617.164252728224,-8.6617431,115.1236444,-8.6539401,115.1330248,1.1378386552130133,15.640000343322754,0.1601611077785492,5006,,,,64,496354,78516829,3105781,
2019-08-18,1866.6200394980156,3259.643557190895,-8.66108,115.1251481,-8.6544815,115.1315967,1.3002005313994882,12.369999885559082,0.028912311419844627,5377,,,,60,,70928272,3852689,
2019-08-19,1817.6477569077783,2178.5406409054995,-8.6604972,115.127248,-8.6570088,115.1310073,1.3224093636908236,15.15999984741211,0.013170712627470493,4769,,,,60,,74737604,3039858,
2019-08-20,1951.5234304728176,3239.073022477329,-8.6618515,115.1271255,-8.6524369,115.1332055,1.215955905872242,20.350000381469727,0.20421543717384338,4272,,,,78,1955974,74841224,3170659,
2019-08-21,1702.3383118293507,1022.6702169179916,-8.6617254,115.1289583,-8.6580536,115.1329419,3.5629911627625876,16.200000762939453,0.26213395595550537,1280,,,,13,,82301081,893552,70087
2019-08-22,1686.4066781961822,214.87298703193665,,,,,1.893569855157962,8.75,0.271770179271698,1398,,,,13,,80970761,852056,
2019-08-23,1705.165715289116,463.40607583522797,,,,,0.856906430726661,10.510000228881836,0.25140947103500366,1209,,,,16,,79826301,1172897,
2019-08-24,2124.0270001252625,4990.979847311974,-8.7789654,115.261864,-8.6709496,115.6227609,6.5347366482496225,54.0,0.02944946102797985,11923,,,,159,,62684969,8056195,30223
2019-08-25,2076.5611851154463,11575.282707214355,-8.8171007,115.5816478,-8.773511,115.6051815,1.5534936553882481,17.239999771118164,0.16926951706409454,7778,,,,149,2502639,60911396,4115454,
2019-08-26,1716.7079856888347,894.9733501672745,-8.6607418,115.1289023,-8.658213,115.1313912,0.8172316940080095,13.09000015258789,0.27901169657707214,2369,,,,25,,71826712,1364475,
2019-08-27,1751.9405823351813,1082.5200296640396,,,,,0.6166860575162896,2.0399999618530273,0.27806511521339417,2798,,,,37,,76985719,1949261,
2019-08-28,1791.7834620890544,1530.4838436841965,-8.6619416,115.1285638,-8.6580699,115.1331137,0.7826344874420417,16.889999389648438,0.2675723731517792,3121,,,,44,706380,76210935,1855333,
2019-08-29,1756.7561312838131,1692.6302148401737,-8.6602593,115.1284712,-8.6578851,115.1309399,1.3611031317705018,16.149999618530273,0.2409900426864624,2995,,,,36,,75877709,1712617,130346
2019-08-30,1699.3645107271702,429.06567192077637,,,,,1.1531654757152596,15.149999618530273,0.32314711809158325,1727,,,,19,,77271004,1076610,
2019-08-31,1769.297105098379,1276.480297923088,,,,,0.8048292410910645,1.399999976158142,0.3395303189754486,3173,,,,37,,76858089,1537454,307046
2019-09-01,1736.860563197032,774.6576230227947,-8.6601217,115.1290288,-8.6582373,115.1306422,1.667848674588608,14.460000038146973,0.04802022874355316,2229,,,,25,,81337224,1698964,
2019-09-02,1692.163971530766,191.8419367671013,,,,,1.2886316651067669,16.239999771118164,0.0303718950599432,864,,,,6,,76353999,957098,
2019-09-03,1793.194650428551,2023.2816858887672,-8.662246,115.1280917,-8.6576002,115.1335648,1.9858303566830755,14.210000038146973,0.33367812633514404,3983,,,,45,,70080602,2633989,
2019-09-04,1810.0639084604618,1822.1943137645721,-8.660478,115.1261956,-8.6561593,115.1311533,1.5870925528653366,17.549999237060547,0.04101043567061424,3801,,,,44,,49035156,2636900,121558
2019-09-05,1795.4085799095337,1766.922790646553,-8.6617729,115.1286093,-8.658243,115.1334075,2.7750877487274614,17.049999237060547,0.031382493674755096,3298,,,,36,,76164860,2670735,
2019-09-06,1699.5450183848177,571.1038305163383,,,,,0.7185278407144854,5.690000057220459,0.019719434902071953,2212,,,,28,,76878730,1079604,
2019-09-07,1757.3972420897771,1248.096389785409,-8.6617555,115.1282972,-8.6577977,115.1331467,0.7933790024464367,8.930000305175781,0.13802194595336914,2817,,,,35,,49647170,2039827,
2019-09-08,2261.4267116795027,7789.85208876431,-8.5164535,115.2644309,-8.4147073,115.3162812,2.439805888531099,18.40999984741211,0.00884723849594593,13352,,,,195,446208,57522658,9916038,
2019-09-09,1749.9825471504143,1522.414279744029,-8.6622149,115.1319734,-8.6611594,115.1334304,0.9653304530608828,13.390000343322754,0.25134071707725525,3286,,,,39,,78993970,1881611,
2019-09-10,1768.8628598127598,1957.4472616910934,-8.66516,115.1329451,-8.6615589,115.1373356,1.0002654685333012,8.880000114440918,0.25212812423706055,3071,,,,35,,82084229,2015225,
2019-09-11,1759.487049344068,1765.2833942174911,-8.6624458,115.1295929,-8.6588576,115.1336251,1.0495018248930492,11.0600004196167,0.2895706295967102,3063,,,,34,121175,81418928,1944959,
2019-09-12,1666.019697369603,282.4544851779938,,,,,1.750050783722991,12.229999542236328,0.2636426091194153,1257,,,,12,,78736570,523160,
2019-09-13,1773.537593805539,1558.9476835727692,-8.6552585,115.1239312,-8.6542644,115.1250943,1.5669265646236328,11.460000038146973,0.2909107804298401,3306,,,,36,,78353750,2307724,
2019-09-14,1771.4579181323336,1455.2771593034267,-8.6556959,115.1226487,-8.6528964,115.1263931,1.5795987564682936,15.84000015258789,0.2833947539329529,2584,,,,35,436001,81518412,1807051,
2019-09-15,1803.0632094061502,1951.4274052381516,-8.7448553,115.1642744,-8.7429915,115.1666483,0.8998798186153749,18.0,0.10416907072067261,3910,,,,46,,60466854,2768522,
2019-09-16,1998.0107239707368,5025.99495780468,48.8531011,2.2562891,49.0156379,2.5431977,1.173452874469512,6.0,0.27346864342689514,7715,,,,98,,73020146,6032097,
2019-09-17,2092.902186044588,6926.611133217812,48.834625,2.2886313,48.8617632,2.3754994,1.2025223249535284,28.110000610351562,0.27806511521339417,11754,,,,142,,65869730,7608484,
2019-09-18,1744.8132572077639,437.8657832145691,45.5959142,5.2250819,45.5966445,5.2286731,0.9024152318733977,11.239612579345703,0.09000128507614136,700,,,,21,1021617,83751587,738692,
2019-09-19,1827.1419887813058,2403.457803249359,45.5963136,5.2042756,45.6012729,5.2290531,0.8040508498244945,7.360000133514404,0.329753041267395,1772,,,,48,1634099,81568319,1450330,
2019-09-20,1667.4822684712642,215.06871223449707,,,,,1.5306791072341441,37.34336853027344,0.26441580057144165,947,,,,10,,81579128,547435,
2019-09-21,2179.6418994984374,2208.052381634712,46.103288,6.7444394,46.1076026,6.7551714,1.8070190336358143,37.36054611206055,0.02558152750134468,4546,,,,152,6156519,66056794,2465882,
2019-09-22,1667.1281765910308,101.46637678146362,,,,,0.42346558116961136,1.1399999856948853,0.33367815613746643,1841,,,,22,,78416326,541558,
2019-09-23,1760.94468026268,5617.447932720184,45.5967882,5.1998252,45.607814,5.2285339,0.8179323400537808,22.345096588134766,0.3126085698604584,1000,,,,31,1694892,77176960,286601,
2019-09-24,1723.0400998561963,1700.5311646461487,45.5754628,5.2240393,45.5778567,5.2278393,1.0720333755342482,13.698023796081543,0.3231472671031952,2425,,,,25,,83684639,1467680,
2019-09-25,1635.3688511202643,,,,,,0.7194085187479513,3.4781575202941895,0.6035895347595215,155,,,,1,,85504814,14422,
2019-09-26,1772.39622814417,4947.470854997635,45.5965038,5.2046502,45.6066637,5.228666,1.5333497703829881,6.900000095367432,0.14009876549243927,241,,,,36,2112506,83784861,30177,
2019-09-27,1818.799943237752,1180.2856740951538,45.7921313,5.2996926,45.7941913,5.3013388,2.011288483628234,22.35767936706543,0.39435476064682007,2134,,,,46,1634497,72446511,1013223,130833
2019-09-28,1699.6850026872369,686.9632631540298,45.5964868,5.2284089,45.5970751,5.2309447,1.1207122040482507,7.027522563934326,0.3109837770462036,1303,,,,13,,84836155,1081929,
2019-09-29,1709.9404603634616,908.7016524076462,,,,,5.268759198979325,37.31999969482422,0.5165725946426392,3599,,,,46,,70006486,1040287,92945
2019-09-30,1736.2747996214123,1428.0054626464844,45.7904968,5.2994504,45.7944446,5.3013186,3.153957700558229,52.882728576660156,0.33367815613746643,2962,,,,32,,66353417,1682386,
2019-10-01,1819.5666986476847,6251.100515842438,45.5775861,5.2106073,45.6043134,5.2294237,2.1589772216106917,19.471349716186523,0.26275432109832764,1418,,,,46,1945598,79228783,991554,
2019-10-02,1686.1265712530994,492.2006286382675,,,,,0.4896598372684092,1.46428644657135,0.33799928426742554,1273,,,,13,,83026541,856891,
2019-10-03,1890.6546208752802,6238.825316309929,45.566291,5.2051589,45.5862077,5.2207472,1.2793185949905015,14.728636741638184,0.0,1496,,,,63,2634566,44900974,1432970,
2019-10-04,1711.3862765661954,107.03684616088867,,,,,0.7194188379226212,1.52653968334198,0.26788491010665894,803,,,,22,842723,84032393,375142,
2019-10-05,1697.429451868281,856.6602251529694,,,,,1.6920780136701719,15.443436622619629,0.2880660891532898,1716,,,,21,,43321031,1044492,
2019-10-06,1878.3453637710122,2978.5650656223297,48.8835084,2.2558429,48.8839893,2.2569659,0.5893051655597425,18.0,0.12260813266038895,4578,,,,55,362372,75805334,3659872,
2019-10-07,1857.1437364555247,3229.037313103676,,,,,0.9349526074286805,27.030000686645508,0.2653418183326721,7524,,,,96,,73274493,3695403,
2019-10-08,2068.4631959913986,5487.57696185261,24.8421396,51.5009968,25.3261662,51.5341739,3.43732193588811,79.06071472167969,0.044110700488090515,10654,,,,132,,64381455,7198707,
2019-10-09,1802.8535115807474,2203.4135135412216,,,,,1.2398641600301037,27.321083068847656,0.2558199167251587,4592,,,,66,,68497354,2794304,
2019-10-10,1697.983526434271,379.44891476631165,,,,,0.6218546528784306,0.9670737385749817,0.24963733553886414,1620,,,,22,,71921963,1053690,
2019-10-11,1857.116274957263,2144.3623604774475,-8.6502641,115.1328743,-8.647872,115.1348627,0.6214606463058716,9.053764343261719,0.2514543831348419,2724,,,,46,945394,46531966,2684173,
2019-10-12,1848.6737357581774,1857.5899655222893,-8.6618411,115.1275643,-8.653691,115.1354574,0.6931237447543177,11.571261405944824,0.06568751484155655,4176,,,,65,976659,80412267,2491116,
2019-10-13,1695.3444416252262,288.36258029937744,,,,,1.6377616459229363,5.285445213317871,0.2891877293586731,1172,,,,14,,75806732,862559,64634
2019-10-14,1761.51299175745,1785.4620079994202,-8.6616055,115.128609,-8.6582332,115.1329636,1.6014326486337918,9.768670082092285,0.3460833728313446,3864,,,,47,,79738308,2108142,
2019-10-15,1735.8859730052368,415.2770895957947,,,,,0.9333496671031897,11.963068962097168,0.3550337851047516,1203,,,,26,790880,76772343,698092,61034
2019-10-16,1867.0937817421604,3031.7979929447174,-8.662016,115.1258153,-8.6556966,115.1333762,2.487289859351389,14.545679092407227,0.29504871368408203,5095,,,,60,341179,74780865,3495780,
2019-10-17,1818.6297821698113,2687.010500192642,-8.6621363,115.1279134,-8.6575254,115.1333929,1.525963660813063,3.3345425128936768,0.22963418066501617,4595,,,,52,,81630672,2923005,
2019-10-18,1755.4861554291354,1294.8439841270447,-8.6687751,115.1297993,-8.6514606,115.1412306,0.9333819816165418,10.584611892700195,0.047569263726472855,2866,,,,38,,82205884,1867182,61826
2019-10-19,1802.9510479382643,1009.048041343689,-8.656408,115.1410877,-8.6562886,115.1411694,1.1204768832659247,2.2484123706817627,0.2605787217617035,1973,,,,36,1026914,83197151,1697988,
2019-10-20,1831.0491462206744,2605.5064442157745,-8.6620118,115.1250522,-8.6551135,115.1347069,0.9113551096740654,11.39985466003418,0.060989830642938614,5062,,,,56,,79810587,3262290,
2019-10-21,1736.4009566781915,1443.2951216101646,-8.6525015,115.1165814,-8.6483776,115.1219917,1.2858708238082968,16.609464645385742,0.2945989668369293,3775,,,,57,,80052088,1691335,
2019-10-22,1876.8196223210641,2711.018018603325,-8.6601681,115.1237381,-8.6504507,115.1309225,0.8708447422214554,12.279596328735352,0.26323202252388,5487,,,,64,71159,78655616,3739916,90367
2019-10-23,1814.9922193286536,1845.8491361141205,-8.6560995,115.1240895,-8.6538407,115.1260681,1.1164631599106534,13.12026596069336,0.3336781859397888,3016,,,,55,1157706,72638075,1720348,
2019-10-24,1851.7914955634387,3195.962134718895,-8.6643359,115.1271681,-8.6408555,115.1365961,1.1856155316992185,15.961548805236816,0.25064536929130554,4135,,,,62,691838,75245755,2854089,
2019-10-25,1896.2767461806407,4544.613535404205,-8.6617215,115.1265301,-8.6413208,115.1422254,0.996136071668628,9.753308296203613,0.2452581226825714,4653,,,,74,1384124,77179559,2865079,
2019-10-26,1733.7359672741807,950.0804672241211,-8.6616344,115.1329645,-8.6613778,115.1331127,1.1921892294966314,12.361449241638184,0.3271608054637909,2456,,,,29,,77627290,1647103,
2019-10-27,1959.8695415824466,4002.062511920929,-8.6627906,115.1290493,-8.641354,115.1426411,1.2812093568322516,14.886082649230957,0.01946360617876053,5917,,,,76,363719,71732769,4988982,
2019-10-28,1913.4501721092065,3053.0312221348286,-8.6682291,115.1351068,-8.6636082,115.1401511,1.067498940432892,13.907180786132812,0.018272239714860916,6075,,,,72,,74459185,4470981,69749
2019-10-29,2131.404016512464,7349.636155441403,-8.8130341,115.1033076,-8.6502322,115.1699012,1.362576482023943,16.71381378173828,0.0,12007,,,,156,,62187110,8247530,
2019-10-30,1910.9106173826272,3503.058432996273,-8.6611337,115.1211209,-8.64144,115.1379633,0.49104326087569733,13.37188720703125,0.24746397137641907,5751,,,,79,551583,76366530,3993125,
2019-10-31,1749.4284020670636,1772.2160878181458,-8.6641288,115.1356379,-8.6641288,115.1356379,0.43946770123894385,9.703352928161621,0.24570854008197784,3323,,,,38,,79918850,1907561,
2019-11-01,1935.7300530430157,4083.125862121582,-8.661936,115.1228848,-8.6533574,115.1332233,0.5602217320449978,11.09093952178955,0.2504235804080963,7196,,,,82,428891,75985458,4541215,
2019-11-02,1837.8708829141806,3108.555777192116,-8.6591572,115.1212243,-8.6516474,115.1298769,1.108805364805021,3.977693796157837,0.2558199167251587,5399,,,,56,,71656360,3375515,
2019-11-03,1766.717909975436,2104.282008767128,-8.6587209,115.1242028,-8.6544254,115.1289733,0.7572767372272027,13.883728981018066,0.05919107422232628,3386,,,,35,,51032585,2194531,
2019-11-04,1888.5942880571006,3825.7758224010468,-8.6616154,115.1278666,-8.645405,115.136046,0.6605431150499672,2.250180959701538,0.26694250106811523,5381,,,,66,,78305391,4007162,92240
2019-11-05,1768.4713558219062,3266.6751525104046,-8.6455931,115.1057652,-8.6440743,115.1120581,0.5270608084477668,10.958500862121582,0.05339622125029564,5148,,,,57,136009,75815948,1865840,93173
2019-11-06,1984.4561810020627,5011.272849917412,-8.6212111,115.0830716,-8.6120632,115.0888472,1.0903107904832687,16.388818740844727,0.14907757937908173,8459,,,,110,,75199037,5800995,
2019-11-07,1881.339682242696,2710.0333973169327,-8.6595551,115.1236481,-8.6530178,115.1300664,0.8353453723429505,15.034184455871582,0.07203477621078491,5242,,,,68,648044,79890481,3306266,
2019-11-08,1753.9562307223887,2037.0103917121887,-8.6617039,115.1280175,-8.6578204,115.1331881,0.5489601336919753,2.200000047683716,0.2814646363258362,3660,,,,39,,73275102,1982718,
2019-11-09,1818.446312380085,3054.459245622158,-8.6616519,115.1296996,-8.659166,115.1331643,0.9933517125309312,16.519668579101562,0.1143469586968422,4661,,,,58,,58656047,3053112,
2019-11-10,1834.3188111253671,3226.81573843956,-8.6785445,115.1234052,-8.64144,115.1665354,0.7024888637766257,7.672769546508789,0.254311740398407,5271,,,,64,,76765736,3316559,
2019-11-11,1977.2810254900592,3357.4919000416994,-8.6625451,115.1233304,-8.6412266,115.1337694,1.1245529677040234,12.411152839660645,0.0,5089,,,,93,2221393,78252730,3314402,
2019-11-12,1870.7373916723718,3101.352477401495,-8.6667506,115.1233338,-8.648963,115.1391895,0.6742148870028306,7.492126941680908,0.23932267725467682,5373,,,,65,,77137273,3921029,
2019-11-13,1679.6130338324613,1129.1299399137497,,,,,0.7090596786216311,3.753411054611206,0.2582002580165863,2103,,,,24,,81819967,748779,
2019-11-14,1657.8715560918008,454.9015779495239,,,,,1.0824138855698868,9.408965110778809,0.27806511521339417,878,,,,7,,82243686,357858,
2019-11-15,1784.7701477125943,1603.0018664598465,-8.6617001,115.1301402,-8.650204,115.133715,1.5949891511025258,12.565447807312012,0.23015758395195007,2822,,,,30,,78454207,2494160,
2019-11-16,1663.66086948345,856.8240222930908,,,,,1.5333909773352565,18.240203857421875,0.24102316796779633,1633,,,,22,,80298964,468496,
2019-11-17,1888.5523965029997,4520.272237762809,-8.6616764,115.1231325,-8.6516758,115.1338721,1.1923260937451226,10.322779655456543,0.2558199167251587,5753,,,,73,,76742719,3385704,126401
2019-11-18,1848.8112355138815,4807.323911905289,-8.65887,115.1217901,-8.6491443,115.1295971,0.8963407632224979,6.0528059005737305,0.2558199167251587,5523,,,,68,,79829911,3290584,
2019-11-19,1761.3724357340113,2062.0761326551437,-8.6409933,115.1286245,-8.6409933,115.1286245,0.6826634017607286,7.104941368103027,0.03739754855632782,2387,,,,43,791393,79545488,1259685,
2019-11-20,1826.6303720349838,2689.2622191905975,-8.6617684,115.1272595,-8.6570725,115.1330879,0.9572152790642727,3.2200000286102295,0.2558199167251587,4577,,,,57,,80435446,3051283,60395
2019-11-21,1753.8081245121946,1468.2730703353882,-8.6485593,115.124316,-8.6480773,115.1250769,0.7574695440947934,1.4189552068710327,0.2678840160369873,2524,,,,40,,81516685,1769309,92545
2019-11-22,1693.7806306721836,840.2166938781738,,,,,0.9554571339615738,11.637178421020508,0.10431645810604095,1442,,,,15,,84713873,983933,
2019-11-23,1741.124707679639,1878.3314889669418,,,,,1.2991298728639078,19.049232482910156,0.2530832290649414,3086,,,,41,,76529534,1752269,
2019-11-24,1846.2028583529432,3707.398605823517,-8.661909,115.1226152,-8.6462253,115.1343147,1.2544706614188283,13.050294876098633,0.2558199167251587,6064,,,,70,,80397068,3513812,
2019-11-25,1818.2561177773894,3108.31030189991,-8.6617867,115.1309118,-8.6598313,115.1332081,0.716802605450674,7.6359148025512695,0.26694250106811523,4455,,,,62,,79910460,2714262,65066
2019-11-26,1856.0236808732923,3948.628247022629,-8.654346,115.1171023,-8.6420391,115.1294982,0.9496923494050449,4.73521089553833,0.26407939195632935,6072,,,,73,,79670836,3671676,
2019-11-27,1686.1643219753753,1135.2739701271057,,,,,1.2454184623412117,12.431241989135742,0.10445280373096466,1859,,,,36,449807,83553426,376602,
2019-11-28,1732.2175234219242,997.9934515953064,,,,,0.8161853693808722,10.617267608642578,0.25999680161476135,1508,,,,32,832134,82191120,692356,
2019-11-29,1838.3343586391616,3484.4310001134872,-8.6621842,115.1231512,-8.6462779,115.1345407,1.4385860671347224,14.645023345947266,0.1991022676229477,5531,,,,61,,79335345,3383210,
2019-11-30,1764.4219273319625,2289.4804521799088,-8.6617069,115.1305029,-8.659817,115.133089,0.8272203727805897,12.535209655761719,0.2558199167251587,3594,,,,45,,80772612,2153235,
2019-12-01,1874.8747159948293,4089.3586366176605,-8.6632729,115.1245535,-8.6480211,115.1343262,0.9264732180904567,14.37086009979248,0.2558199167251587,6582,,,,79,,79392208,3989697,
2019-12-02,1903.3012433234035,4111.88022147119,-8.6521356,115.1141389,-8.6452726,115.1276736,1.0852193579668679,12.953712463378906,0.2558199167251587,5028,,,,78,1169116,80226512,3174663,
2019-12-03,1907.5623667276604,2911.417795419693,-8.6527094,115.1171033,-8.6480832,115.1250395,1.0838472225508213,3.696645975112915,0.012810543179512024,5780,,,,68,,78288865,4401907,
2019-12-04,1699.637403144294,1060.4887056350708,,,,,0.9864338540302876,2.1111176013946533,0.2558199167251587,1762,,,,26,,81518493,1081139,
2019-12-05,1888.2437847721378,3843.5474286079407,-8.6592965,115.1213611,-8.6482378,115.1296441,1.0514169366571606,3.6728005409240723,0.2558199167251587,6416,,,,70,,78562341,4211596,
2019-12-06,1813.755772175653,3309.186539173126,-8.6460467,115.1280207,-8.6459761,115.1281673,1.0654472157203785,9.419967651367188,0.19441182911396027,3664,,,,58,958524,73007028,1950443,
2019-12-07,1970.1202728874462,4721.047743320465,-8.7448387,101.6850694,2.7446506,115.1671132,1.6757446369449656,36.7758674621582,0.04767027869820595,7013,,,,102,426896,36707562,5077954,
2019-12-08,2302.8148617256893,10089.67943251133,3.1457461,101.6815099,3.2388405,101.7155475,1.5817343437552718,57.239322662353516,0.03141501918435097,15682,,,,212,,64016135,10941390,
2019-12-09,1897.7316009335784,3839.4421985149384,2.7396444,98.9805297,8.0976287,101.7371394,2.3114555870366704,73.16702270507812,0.24643665552139282,6264,,,,97,,64928111,4091984,121563
2019-12-10,1935.1253750524502,4287.0666934251785,8.026029,98.8191666,8.035558,98.8334867,0.9910954200100178,11.832880973815918,0.04956512153148651,5956,,,,77,496129,79533951,4438710,
2019-12-11,1985.028700799263,4820.776071190834,8.003505,98.8366502,8.0124271,98.8421318,1.0248636522183692,11.69399356842041,0.03740992397069931,7554,,,,98,,70338339,5792168,
2019-12-12,1667.6118583822933,480.21211421489716,,,,,0.6816980728668247,11.918341636657715,0.027020439505577087,1022,,,,8,,82875006,549587,
2019-12-13,1652.31065935453,481.10308361053467,,,,,0.8554026864571763,11.299182891845703,0.24646446108818054,880,,,,8,,84540061,295619,
2019-12-14,2005.2674757747222,4586.281390547752,8.0065313,98.8368461,8.0135608,98.8438852,0.6536584627950788,6.392237186431885,0.2558199167251587,8301,,,,96,,70041537,6153939,
2019-12-15,1844.8770025826152,3163.5982344150543,7.9529436,98.8086355,7.9629919,98.8100567,1.1533436831185513,12.485506057739258,0.25769615173339844,4379,,,,58,,76856991,3483304,
2019-12-16,1722.2038556698974,1539.7219942212105,8.0309173,98.8197683,8.0329277,98.8228686,0.8230010631956456,12.547833442687988,0.2622932493686676,2086,,,,23,,78236212,1415892,
2019-12-17,1823.4266201395783,3237.062732040882,8.0218801,98.8249235,8.0288483,98.8296335,0.8470093242841032,13.17556381225586,0.26694250106811523,4621,,,,55,,76030598,3014779,
2019-12-18,1890.5862625625848,4229.181814469397,8.0778731,98.6752568,8.1183426,98.6819784,1.844778983995914,22.905797958374023,0.003273969516158104,6055,,,,76,,64579702,4223863,
2019-12-19,1763.612301056208,2363.722119987011,,,,,6.479561642562964,80.98631286621094,0.24740950763225555,3210,,,,45,,61031547,2142983,
2019-12-20,1807.2706311489487,3055.8530240189284,9.766356,99.9612772,9.7761913,99.9680415,1.1504995297555185,10.970000267028809,0.029021302238106728,3990,,,,47,,80139862,2830615,
2019-12-21,1713.2002605536816,1417.605153799057,9.7732687,99.9658303,9.7841876,99.9712646,0.9567933836951046,4.631163597106934,0.038448188453912735,2071,,,,28,,77397854,1300227,
2019-12-22,1731.9794519636455,1643.859656572342,,,,,0.7732491701671623,12.105981826782227,0.11245506256818771,3191,,,,42,,77419310,1573940,
2019-12-23,1889.8074163386345,3980.9845867455006,9.7780222,99.9664573,9.7861984,99.9727443,0.8523679918485442,4.8821210861206055,0.09028774499893188,6471,,,,79,,79921648,4225370,
2019-12-24,1908.666737309902,4098.604839086533,9.781206,99.9673704,9.7983485,99.985683,0.8592139342053637,10.037171363830566,0.2558199167251587,4850,,,,83,1617823,73326086,2820868,
2019-12-25,1862.2322262088596,2800.2699780464172,9.7903851,99.9801348,9.7973032,99.9849036,0.8316702157506368,18.46030616760254,0.26694250106811523,4122,,,,68,740344,76424405,2672030,91347
2019-12-26,2040.6821795502033,3850.070167660713,9.7776949,99.9673089,9.8025131,100.0205459,1.4942449192638347,18.83355140686035,0.02738139033317566,4379,,,,102,2313482,75522820,2651369,704056
2019-12-27,1705.411563363019,1098.055742740631,9.7659824,99.9603448,9.7661061,99.9607135,1.4642476137593925,14.036038398742676,0.2558199167251587,1732,,,,25,,81484761,1176979,
2019-12-28,1683.596604029648,526.4899747371674,,,,,1.0639491943048875,15.558919906616211,0.3038873076438904,1055,,,,14,402569,80288206,375241,
2019-12-29,1746.910957645662,2067.9717696905136,9.7969029,99.9797359,9.7994319,99.9812083,0.8365428148097042,5.159999847412109,0.2549668848514557,3134,,,,33,,76052276,1865780,
2019-12-30,1703.6475662123512,2160.6080594062805,9.7987597,100.0192758,9.8021207,100.0200056,1.1967955050309793,19.587032318115234,0.08299346268177032,3358,,,,34,,81043907,1147700,
2019-12-31,1774.2269387620947,1959.560016810894,9.5185827,100.055859,9.519901,100.0571908,1.196909757219843,30.769287109375,0.24739280343055725,3447,,,,42,,76893540,1743688,251015
2020-01-01,1932.9728180745037,5054.371183514595,9.5462101,100.0636704,16.0758181,108.2466092,4.328724309498699,74.68000030517578,0.2543625831604004,6917,,,,106,,69894844,4936786,
2020-01-02,1847.2251645871227,3360.762429356575,16.0648622,108.2223518,16.0738186,108.2305432,1.0088174289405292,14.197412490844727,0.2558199167251587,5553,,,,69,,77649435,3530777,
2020-01-03,1835.4119622566138,3664.4531021118164,16.0500132,108.240195,16.0737469,108.2484662,1.3765562372227391,11.7728853225708,0.2619159519672394,5810,,,,64,,75517462,3332660,
2020-01-04,1830.3962895991451,2348.240250170231,16.0723915,108.2190784,16.1267984,108.2400718,1.6559440994577221,16.711124420166016,0.011854038573801517,3018,,,,55,1076109,79144463,2035482,
2020-01-05,1781.2911725085432,1494.5252805948257,16.0990092,108.2766291,16.1023608,108.2785336,1.3185344833270367,17.048036575317383,0.05487100034952164,3804,,,,41,,76800887,2436417,
2020-01-06,1854.5357384522083,3151.2275009155273,16.0573575,108.2019611,16.0703346,108.2143888,0.6894240258611231,13.986920356750488,0.26694250106811523,5055,,,,79,,64480964,3392124,114061
2020-01-07,2211.6211214617706,7634.709271404892,-33.911016,18.3938251,-33.9010198,18.4233392,1.017705809928287,47.0048713684082,0.07299166917800903,12685,,,,170,433052,49750211,8888596,92961
2020-01-08,1824.8739642137496,3118.958639383316,-33.9412108,18.374856,-33.9085777,18.4125736,1.0871028335763933,23.255062103271484,0.2376754730939865,4680,,,,58,,79356631,3114432,
2020-01-09,1772.5863568476211,1914.1915987730026,-33.9136097,18.4119516,-33.9088822,18.4175759,0.7463268810427227,2.8034846782684326,0.030545128509402275,2913,,,,37,,83481544,2282002,
2020-01-10,1969.2534270626425,4901.331253170967,-33.9563345,18.3753317,-33.9226374,18.3838742,0.8676770430500225,15.861063957214355,0.016279514878988266,7830,,,,92,,76626940,5556180,
2020-01-11,2014.3198344678954,8513.129122138023,-33.9539276,18.3740614,-33.921411,18.3834008,0.8235725854518922,25.994617462158203,0.1949075311422348,8596,,,,114,518093,74618586,5642412,
2020-01-12,2010.2469004960064,5666.327772349119,-34.108628,18.4679804,-34.1018603,18.4753984,0.905011318892388,20.821311950683594,0.019648956134915352,9180,,,,104,,76423777,6057495,68008
2020-01-13,1684.0628288354087,1028.1293885707855,-34.1082575,18.4692119,-34.1079538,18.4701783,0.9132614682034956,33.64304733276367,0.2891877293586731,1568,,,,22,,80370096,822635,
2020-01-14,1692.3199839942404,728.4536633491516,,,,,0.973630650300119,17.54673194885254,0.23927833139896393,1157,,,,13,,83728549,959688,
2020-01-15,1913.411209003106,3393.925907254219,-34.108685,18.4697874,-34.0970094,18.4774958,1.118872301199199,16.47431182861328,0.2614215612411499,5418,,,,75,1186577,78640652,3358056,
2020-01-16,1971.248498465895,4293.540396183729,-34.2015432,18.441885,-34.1947932,18.4566189,1.1363141314892178,35.40659713745117,0.013454718515276909,7021,,,,87,,71625438,5584148,
2020-01-17,1725.0965302998445,1683.6033277511597,,,,,0.8932577484390031,6.400000095367432,0.19381935894489288,1303,,,,17,,82817918,1251474,
2020-01-18,1883.5398746775768,2926.525373876095,-34.1051123,18.4721002,-33.8986329,18.4814968,1.6232618278624138,47.0,0.2547474503517151,4528,,,,67,1294201,75120721,2166391,254075
2020-01-19,1734.225472449488,1184.6473636627197,-34.1065054,18.4683556,-34.1023284,18.4736286,1.4147451986747888,4.4295244216918945,0.3336781859397888,2143,,,,23,,84026782,1655227,
2020-01-20,2122.527967087531,6677.42909348011,-34.1126553,18.4529326,-34.1000799,18.4758328,0.7495632034377264,16.865005493164062,0.11512012034654617,9372,,,,119,,76030060,5677894,1040233
2020-01-21,1852.921299471386,3160.909446492791,-34.1004079,18.465737,-33.9317706,18.4742757,0.8161917548363414,9.890056610107422,0.26694250106811523,4737,,,,64,,77611903,3619261,
2020-01-22,1978.9281766154102,5364.611524280161,-33.9621548,18.4590146,-33.9320976,18.4708964,0.8517664874878784,19.90054702758789,0.20501431822776794,9455,,,,105,,77087977,5696607,
2020-01-23,1851.2547792309979,3710.8223387002945,-33.9377344,18.4099205,-33.9173372,18.4661241,0.7160525227046204,28.827980041503906,0.1994667500257492,5599,,,,63,,78682713,3441229,61493
2020-01-24,1665.3949042951433,548.8195168972015,-33.9332051,18.4203293,-33.923304,18.4651941,1.3364519237106265,4.688960552215576,0.2891877293586731,1182,,,,17,,84003760,512791,
2020-01-25,2003.8494716510234,9066.873566806316,-33.9991509,18.4648853,-33.2740695,19.9570384,3.548793906526612,31.94997787475586,0.16606168448925018,5319,,,,112,2727755,61700319,3190710,
2020-01-26,1917.6204256445187,3716.41501866422,-34.0460661,18.3392223,-33.3783486,19.2000044,3.1901020464032523,50.65884017944336,0.027473345398902893,6705,,,,75,,63195385,4699186,
2020-01-27,1860.0861765663662,3917.144075585982,-34.044116,18.3322806,-33.9915556,18.4319624,0.9199814405953065,20.89389419555664,0.24687136709690094,6335,,,,73,,77146356,3744241,
2020-01-28,2323.369887872151,9155.333381830487,-34.1437391,18.322235,-33.9258724,18.4669087,1.812011148150118,46.177791595458984,0.2558199167251587,15174,,,,191,,57061024,11433749,
2020-01-29,2074.447361648952,7085.046389700141,-34.1089129,18.3393965,-33.9257528,18.597262,3.2295131398255306,27.661514282226562,0.24836024641990662,10398,,,,131,,63498597,7282534,
2020-01-30,1797.775427905514,2500.320359647274,-8.7441009,55.3626911,25.2475363,115.1767399,0.753325919997674,14.349751472473145,0.05298526957631111,3854,,,,65,,67585043,2710020,
2020-01-31,1804.4677096422226,2000.1824783086777,-8.6576762,115.1232167,-8.6452052,115.1343609,0.9858519215007008,4.035150051116943,0.2558199167251587,3384,,,,51,524884,76603135,2250818,
2020-02-01,2035.3641217838542,2570.5676897764206,-8.6605443,115.1231796,-8.6462066,115.1343609,0.9575041834603307,3.7151026725769043,0.25172632932662964,3535,,,,100,3684215,78489703,2576467,60543
2020-02-02,2006.4116615483076,4203.201193213463,-8.6617735,115.1210975,-8.6468365,115.1334293,0.8226143178348205,8.717738151550293,0.06524357944726944,6609,,,,98,1225863,67170408,4862288,
2020-02-03,1902.2400924971496,4596.1099858284,-8.6620118,115.1228949,-8.6413597,115.1390751,0.9436148925120594,12.68604850769043,0.1730758398771286,7042,,,,91,,49816351,4443906,
2020-02-04,1251.2135563170734,1750.9669634997845,-8.6534732,115.1243571,-8.6460444,115.1343042,0.8243567907836961,4.973794937133789,0.021234717220067978,2418,,,,27,,57680554,1560392,
