Date,Calories (kcal),Distance (m),Low latitude (deg),Low longitude (deg),High latitude (deg),High longitude (deg),Average speed (m/s),Max speed (m/s),Min speed (m/s),Step count,Average weight (kg),Max weight (kg),Min weight (kg),Biking duration (ms),Inactive duration (ms),Walking duration (ms),Running duration (ms)
2019-03-07,532.4114738541667,,,,,,,,,,,,,,,,
2019-03-08,1634.5,,,,,,,,,,,,,,,,
2019-03-09,1691.2538110194118,358.85875177383423,45.5897387,5.2285241,45.5965861,5.2520445,1.0408203955117439,12.350000381469727,0.26694250106811523,1386,75.0,75.0,75.0,,27152308,941952,
2019-03-10,1762.871834835143,712.6637763977051,45.5963793,5.0758123,45.7212784,5.2339923,1.075931671258873,12.630000114440918,0.07806913554668427,857,,,,843922,82586201,1228407,
2019-03-11,1767.6007537549544,1416.1327131986618,45.5964704,2.2556275,48.8861431,5.2343437,0.914935386870404,8.350000381469727,0.3175318241119385,2435,,,,,74290645,2182889,
2019-03-12,1865.025733525628,2750.724403142929,48.8350567,2.2554743,48.8850962,2.3642516,1.2135310899056013,4.53616189956665,0.2107553482055664,4799,,,,,81197210,3826231,
2019-03-13,2021.4101710580694,4784.370592594147,48.8351687,2.2383147,48.8916861,2.3643963,1.2151519703913782,2.9800000190734863,0.30035170912742615,8039,,,,,72896650,6421868,
2019-03-14,1891.5716439910384,2581.4707050323486,-8.7440577,2.5746873,49.0062845,115.1665576,0.7593118124543808,1.6806424856185913,0.3270370662212372,5360,,,,,71312897,4266833,
2019-03-15,2131.7336945416973,8036.348560452461,-8.7440467,115.125165,-8.6325962,115.1811963,1.113722775151434,29.0,0.055407799780368805,9365,,,,1124615,70958874,7035170,
2019-03-16,1898.965213709626,6401.770608305931,-8.6540897,115.1176054,-8.6415507,115.1391309,1.8907691853524267,31.0,0.020419789478182793,4392,,,,1228123,78245499,3068573,
2019-03-17,2058.9896161678485,3378.0660350322723,-8.6550776,115.0859266,-8.6063379,115.151442,0.9160988491421638,18.0,0.08042973279953003,6704,,,,,77119048,7045607,
2019-03-18,2106.2134968450914,11420.499975919724,-8.6643538,115.1192384,-8.6269694,115.1551538,1.7520581004055293,41.0,0.03506658971309662,4951,,,,3149152,76413474,4462481,
2019-03-19,1918.7138334380902,10496.866749048233,-8.6537563,115.1264076,-8.6326127,115.1357036,1.1138199697168132,12.300000190734863,0.32554489374160767,1942,,,,3088821,81138185,1414898,
2019-03-20,2333.4162369635,8087.792206287384,-8.6424126,115.1298236,-8.5139669,115.2641401,1.1673359825229352,25.0,0.10191787034273148,12594,,,,,69644717,11600492,
2019-03-21,2097.326341774326,5921.638335347176,-8.518278,115.2539691,-8.4951472,115.2639474,0.9470623799523001,6.329999923706055,0.13567450642585754,9292,,,,,77584205,7681914,
2019-03-22,1841.4147660427604,2034.9040892720222,-8.6535987,115.13229,-8.5055573,115.265964,1.3338831576262478,12.729999542236328,0.19126571714878082,3816,,,,,78367539,3434337,
2019-03-23,1994.0277817532744,4457.854902148247,-8.6593527,115.1254957,-8.6515697,115.1337745,0.5840978331757823,8.470000267028809,0.08488326519727707,2918,,,,2272534,80892948,2997561,236957
2019-03-24,1817.454033087091,1639.1229320764542,-8.6536123,115.1266371,-8.6516702,115.1340479,0.6742986533079939,3.9218146800994873,0.045038722455501556,2877,,,,,82764092,3036641,
2019-03-25,1965.870468556753,5928.443986773491,-8.6598835,115.1265175,-8.6448875,115.1414832,0.8754816711654227,12.100000381469727,0.05760490149259567,4698,,,,1839260,77933487,3533573,
2019-03-26,1730.260997002276,912.4283113479614,-8.65537,115.1309536,-8.6431074,115.1422505,0.6735714143292983,1.0073368549346924,0.14029113948345184,1657,,,,,83044257,1589426,
2019-03-27,1837.164898232341,2524.5359234809875,-8.6555865,115.1266363,-8.6518268,115.133286,0.5266272806721417,4.378407955169678,0.2055438607931137,3289,,,,779726,82400077,2530149,
2019-03-28,1867.1020687410003,4084.5653241872787,-8.6595275,115.1265533,-8.6515857,115.1334611,1.0707317924285216,11.010000228881836,0.01873525232076645,4048,,,,544810,81530681,3278204,
2019-03-29,1765.886048426573,1013.2361872196198,-8.6555419,115.1258758,-8.6527454,115.1333681,1.165140763251864,5.179999828338623,0.12005091458559036,2518,,,,,83784584,2134136,
2019-03-30,2190.8114984645736,4897.023953437805,-8.6635736,115.1266366,-8.6431074,115.1422901,0.7777044032119623,8.739999771118164,0.011736256070435047,5812,,,,2652505,74694012,6397619,
2019-03-31,1820.7377969962815,1657.4824010133743,-8.6563252,115.1266268,-8.6366552,115.1584494,0.6586875010624239,6.0,0.25480207800865173,3438,,,,,79557184,3045211,
2019-04-01,2035.9626201189776,5206.995069980621,-8.6643729,115.1266286,-8.6524618,115.1466083,0.7537267543691899,9.460000038146973,0.11099700629711151,3995,,,,2095406,79347271,4423090,
2019-04-02,1908.6854884387865,4686.95638692379,-8.659621,115.1268203,-8.6514116,115.1347261,1.1530573983066223,3.8735499382019043,0.08251726627349854,1924,,,,2390746,81243682,1924163,
2019-04-03,1898.3415966208925,2779.9950264692307,-8.6615583,115.1266389,-8.6524744,115.1337225,0.5493987257145323,7.840000152587891,0.27380311489105225,3992,,,,404265,81254828,3946975,
2019-04-04,1841.8014976303639,2041.8479756116867,-8.6595456,115.1266363,-8.6430945,115.1423506,0.5893614714258262,7.679999828338623,0.0650210976600647,4149,,,,,79846138,3440755,
2019-04-05,1693.1236337231574,228.4904546737671,-8.6593406,115.1255665,-8.6527568,115.1320087,1.0384008447186988,4.900000095367432,0.2558199167251587,762,,,,,84442399,973026,
2019-04-06,2481.1472702662786,11958.916425585747,-8.6597989,115.1222354,-8.26026,115.2004112,1.1829023599338258,12.119999885559082,0.024219201877713203,7961,,,,6167915,56960079,7458035,
2019-04-07,1789.8141464027597,3831.0258328318596,-8.6551579,115.126636,-8.6453613,115.1411696,0.6122646387627427,1.5099999904632568,0.28645190596580505,1121,,,,484127,56024361,1957332,
2019-04-08,1911.4650011295998,5335.844934225082,-8.6598054,115.1266445,-8.645326,115.1411906,0.706400151878969,6.852054119110107,0.12924350798130035,2929,,,,1481861,81269928,3012676,
2019-04-09,1739.2003837095938,1013.6354713439941,-8.655047,115.1266382,-8.6515366,115.13096,0.6414928196418598,10.140000343322754,0.29458045959472656,1466,,,,,83918170,1515850,97371
2019-04-10,1996.1628135060853,3289.332841783762,-12.4596238,115.1306361,-8.6512432,130.8808902,33.97797225233808,218.4499969482422,0.26687535643577576,5606,,,,,66611380,5820542,
2019-04-11,1945.058583905311,3126.1516548991203,-13.1263744,130.7823498,-12.4250457,131.1426928,5.207839637052449,37.279998779296875,0.2726103663444519,7664,,,,,72038253,5151289,
2019-04-12,2453.485181792492,8394.525087699294,-13.2113109,130.6752458,-13.0961286,130.8047765,5.914499064224841,102.0,0.2674334645271301,15344,,,,,66188391,13593375,
2019-04-13,2226.750269626589,6117.211788833141,-13.163918,130.6692985,-12.4252266,131.0143812,6.109323026747908,93.0,0.06901291757822037,9112,,,,764092,63917426,9013137,
2019-04-14,2154.5244175389626,5410.778195091578,-12.4673644,115.1668683,-8.7428084,130.9131165,1.4553008561303682,23.299999237060547,0.2558199167251587,10261,,,,,69138353,8622479,
2019-04-15,2147.942970879264,11836.439898735789,-8.7398128,115.1272668,-8.6396085,115.1845813,1.0180600228183383,14.1899995803833,0.017362339422106743,3285,,,,4548597,74513867,3657000,
2019-04-16,1736.9952010645168,2138.4677562713623,-8.655007,115.1266334,-8.6431265,115.1422966,2.5050582632901555,5.789604663848877,0.3248315751552582,1405,,,,279544,84302472,1342461,
2019-04-17,1762.8893398322414,1641.070421218872,-8.658088,115.1238826,-8.6537135,115.1307885,0.48961910025799105,4.400000095367432,0.2456119954586029,3390,,,,,83849352,2130985,
2019-04-18,1815.318096733739,2312.321571826935,-8.6579697,115.1234861,-8.6516958,115.130981,1.6074216512783919,6.019999980926514,0.033046141266822815,3540,,,,,72954621,2887293,
2019-04-19,1871.229569987548,1705.001352906227,-8.6594134,115.125845,-8.6514702,115.1310962,0.7327723133614501,2.454042911529541,0.08148718625307083,1413,,,,2116659,59154631,1666156,
2019-04-20,1878.278192280619,7003.374131679535,-8.6595094,115.1291106,-8.643107,115.1466169,1.5344646608012185,12.25,0.03756474703550339,1257,,,,2655254,80554459,1085695,
2019-04-21,2005.2967381138017,11933.189125478268,-8.6747292,115.1289855,-8.6513719,115.1477331,1.8471827210658447,12.59000015258789,0.019242363050580025,4976,,,,2324091,79916008,3669602,
2019-04-22,1831.80150011691,2329.7901287078857,-8.6626427,115.1265985,-8.6533765,115.1339115,1.0521519264441348,5.21999979019165,0.09276274591684341,4531,,,,,82158880,3274774,
2019-04-23,1907.5596487836751,2989.3805594444275,-8.6622193,115.1251253,-8.6515073,115.1334551,1.8898658869599314,6.090000152587891,0.12166845798492432,5584,,,,1108251,79905136,3347305,
2019-04-24,2099.111039751753,2709.419249534607,-8.6598789,115.1266378,-8.643117,115.1422722,0.6381223475153497,2.990617513656616,0.01020380761474371,2100,,,,5641622,75303095,1679753,
2019-04-25,1765.7577989877075,1342.1473927497864,-8.6598961,115.12673,-8.6425512,115.1365121,0.5704168558713092,1.1249479055404663,0.24253761768341064,2247,,,,,84065793,2178595,
2019-04-26,1808.7952616122739,2820.171838402748,-8.6556648,115.1258956,-8.6513667,115.1347438,0.9675075533010729,7.420000076293945,0.2152942568063736,1681,,,,1287448,83186624,1516441,
2019-04-27,1912.0152943800376,3156.2980008125305,-8.6550634,115.1253455,-8.6515167,115.1309587,0.7857593507168907,3.304978847503662,0.09967249631881714,3128,,,,1362361,80654448,3149573,
2019-04-28,1845.606390207655,1427.5919744968414,-8.6550668,114.4344552,-8.1650422,115.1567321,4.171242990752256,36.0,0.049680326133966446,3415,,,,,63709859,3503908,
2019-04-29,2212.060568936775,6103.99098443985,-8.1872329,114.4335168,-8.0911632,114.5542255,2.7389484764583365,20.399999618530273,0.06347458809614182,11014,,,,,58901730,9586253,
2019-04-30,2034.2800252213308,4052.7848720550537,-8.6549849,114.4370414,-8.1412145,115.1470405,5.618581635980272,50.0,0.11788049340248108,6929,,,,,60191542,6230542,172749
2019-05-01,2095.499250103374,9569.903805911541,-8.660264,115.1267415,-8.6369175,115.1557073,1.1751993002932233,12.4399995803833,0.0500679537653923,2949,,,,3955660,78174880,3384627,
2019-05-02,1747.6277873953966,705.5579817295074,-8.6580332,115.1270359,-8.6515576,115.1308437,0.843022930386496,9.84000015258789,0.2749665081501007,1453,,,,621773,83799511,1212904,
2019-05-03,1839.639711316858,1009.0566490888596,-8.7849738,115.1260238,-8.6373625,115.1975576,1.9664025042154165,22.760000228881836,0.2517201006412506,1659,,,,1547553,74267231,1632218,
2019-05-04,1853.6487251741346,2463.764483690262,-8.6619594,115.1278755,-8.6527451,115.1331307,1.487530970162381,8.0,0.26694250106811523,4616,,,,,79752637,3637395,
2019-05-05,2113.2733573959968,12897.306900978088,-8.6744645,115.1267103,-8.6514564,115.1478246,0.8622479043558209,14.039999961853027,0.07474904507398605,6525,,,,2563322,67791494,5206005,
2019-05-06,1951.8658949555836,2834.123064994812,-8.6614962,115.1267293,-8.65152,115.1331443,0.6363878286523089,3.430000066757202,0.2564597725868225,4533,,,,932241,55862566,4209566,
2019-05-07,2039.1954809328759,2894.1640479564667,-8.6624152,115.1266371,-8.6515601,115.1336111,1.2656431620001243,10.40999984741211,0.2996425926685333,3602,,,,3300363,78853048,3188460,
2019-05-08,1941.8014623039414,2159.521434187889,-8.6595321,115.1282287,-8.6515647,115.1318622,1.043394248234303,8.180000305175781,0.2660291790962219,3045,,,,1853373,80652118,3102770,
2019-05-09,1703.594325793365,1254.0161554813385,-8.6617612,115.1265211,-8.6532247,115.1330334,1.015116630004707,3.483903169631958,0.3650287687778473,2380,,,,,81182717,860550,
2019-05-10,1735.9825969455171,1959.4843344688416,-8.6551115,115.125603,-8.6527793,115.1309556,0.6819240726158315,2.50036358833313,0.2660711705684662,1046,,,,993533,81370469,622148,
2019-05-11,2126.9978651980578,7402.330563187599,-8.6991153,115.1304596,-8.6529224,115.4675799,1.7120581709087586,35.0,0.04603198170661926,5132,,,,3854949,56600206,3911844,
2019-05-12,2204.061421543024,12376.471981048584,-8.7523968,115.1305547,-8.6368899,115.5078474,2.0625138348887417,39.0,0.04910024628043175,10600,,,,2624138,35839859,6624669,
2019-05-13,1815.8744804407172,2326.3164343833923,-8.6549964,115.1267307,-8.6524263,115.1317282,0.7210632103921487,5.78000020980835,0.24896767735481262,4656,,,,,74895686,2694910,132067
2019-05-14,1715.4179983606698,168.57668948173523,-8.6550742,115.1255891,-8.6515736,115.1307746,2.922594914829165,12.319999694824219,0.4229215383529663,749,,,,995311,78983133,278921,
2019-05-15,1668.9504212413299,253.25093734264374,-8.6550089,115.1306393,-8.6547912,115.132018,0.723822726463744,1.2799999713897705,0.33367815613746643,1402,,,,,77343823,571804,
2019-05-16,1649.1532980249797,221.0985336303711,-8.6593701,115.1299424,-8.6491927,115.1377525,0.9853811272162633,10.75,0.30793777108192444,546,,,,,77495038,209502,
2019-05-17,1648.2074689003878,131.07107639312744,-8.6555341,115.1255137,-8.651818,115.1318309,1.4628066739797807,6.690000057220459,0.3294380009174347,847,,,,,82076301,227518,
2019-05-18,1672.075157644798,311.2701784670353,-8.6550549,115.1302939,-8.6527567,115.1318681,0.8724132798817711,6.71999979019165,0.265473335981369,1348,,,,,71876068,623667,
2019-05-19,1797.5841612100712,2378.5098412036896,-8.6617225,115.1269857,-8.6514964,115.1339097,0.8684396112669328,8.210000038146973,0.33910071849823,4121,,,,,55125500,2656095,
2019-05-20,1717.785344322105,883.9337995648384,-8.6595451,115.1269675,-8.6515515,115.1357463,0.6433925121653702,4.0,0.31143295764923096,2124,,,,,80251644,1382357,
2019-05-21,1775.963233852119,1736.679144833237,-8.6612811,115.1266022,-8.6515749,115.1320355,0.794236091042003,12.25,0.305614173412323,4029,,,,,74265823,2347986,
2019-05-22,1815.9226945574146,592.039592385292,-8.6595911,115.1266367,-8.6515512,115.1339211,0.5411555900764772,8.8100004196167,0.04624849185347557,1866,,,,1741717,80878211,1149054,
2019-05-23,1788.543760956511,1959.144066810608,-8.660181,115.1267131,-8.651241,115.134383,0.9823355464283908,2.258474111557007,0.26093190908432007,2093,,,,1019136,81672966,1467175,
2019-05-24,1679.810668466047,158.93702602386475,-8.6554578,115.1259775,-8.6547319,115.1308405,3.0020955086367263,9.0,0.3440411388874054,1677,,,,,80739146,752060,
2019-05-25,1967.6345961479394,3718.973421216011,-8.6551076,115.0688639,-8.083789,115.2007078,4.321756280164706,21.1299991607666,0.18304277956485748,8849,,,,,59764098,4931982,257659
2019-05-26,1883.5563026775453,2786.5122523605824,-8.2599853,115.0661702,-8.2571518,115.0710797,0.9731711197066117,5.96999979019165,0.0,5967,,,,435732,79348084,3667930,
2019-05-27,2096.6047340621153,6004.296339809895,-8.6599005,115.070631,-8.2366139,115.2007389,2.3888537673642123,19.450000762939453,0.0702734887599945,11912,,,,,67933374,7479541,61465
2019-05-28,1745.097592433205,1060.9698770046234,-8.6599986,115.133647,-8.651865,115.1345654,0.7610709436000073,2.1600000858306885,0.15710397064685822,3712,,,,,79738524,1835682,
2019-05-29,1693.680828957774,636.2445368766785,-8.6600079,115.12672,-8.6517031,115.1345658,0.7329515154693452,10.960000038146973,0.06638655066490173,1913,,,,,79082150,982276,
2019-05-30,1814.7497053333025,2017.3771967589855,-8.6616987,115.1266411,-8.6532643,115.1347605,0.7014223108222399,4.104531764984131,0.31890246272087097,4423,,,,,78503591,2833949,69231
2019-05-31,1727.974011429935,481.17017459869385,-8.6600729,115.1259295,-8.6534621,115.1345355,0.6880212393833979,2.630000114440918,0.33497315645217896,2530,,,,683790,82095336,820389,
2019-06-01,1824.8543497095627,2170.639294862747,-8.6616382,115.1267099,-8.6534646,115.1345525,0.6036087367542435,3.7200000286102295,0.2673119604587555,4293,,,,,81416070,3159470,
2019-06-02,1802.6798550216358,2182.125329732895,-8.6599951,115.1284879,-8.6516924,115.1345221,0.5761865031997783,1.2949597835540771,0.25652623176574707,4408,,,,,79816797,2791425,
2019-06-03,1794.502499445293,2386.8818106651306,-8.6663699,115.1260686,-8.6517099,115.1388896,1.7890420501676234,5.0,0.13643094897270203,4636,,,,,78774762,2497104,69575
2019-06-04,1930.0020115009202,4003.5692623257637,-8.6616759,115.1279709,-8.6431261,115.1422664,1.0403649161754156,14.069999694824219,0.1461350917816162,5052,,,,1143043,76003897,3352765,124642
2019-06-05,1791.9759113513394,1774.9443720579147,-8.6613232,115.1267101,-8.6438646,115.1414692,0.6419644918513799,2.0299999713897705,0.2492688149213791,3904,,,,,79470099,2613758,
2019-06-06,1803.5607770852173,1634.6820755004883,-8.6601446,115.1267103,-8.6526428,115.1359933,3.166010927585583,9.109999656677246,0.26694250106811523,3320,,,,704076,79880033,2053276,
2019-06-07,1789.2932174364714,1153.4776916503906,-8.6595607,115.1259521,-8.6544802,115.1369896,1.2338722824700017,4.239999771118164,0.14837568998336792,4287,,,,,75261495,1725787,365798
2019-06-08,1802.2905347646772,476.4969701766968,-8.6572064,115.1266389,-8.6415397,115.1394542,0.8455676977923006,8.979999542236328,0.3085494637489319,2363,,,,1325437,76975200,1367858,
2019-06-09,1766.3117104181815,1491.6893708705902,-8.6618327,115.1283774,-8.6435833,115.1381564,0.9812319891656859,4.599999904632568,0.3002448081970215,3428,,,,,72503055,2187789,
2019-06-10,1904.412399243926,916.1781035959721,-8.6536712,115.1266503,-8.6446373,115.1357478,2.603706150453097,13.1899995803833,0.08601617068052292,2608,,,,2441576,37981215,1869531,
2019-06-11,1690.004855815883,500.7249298095703,-8.6597967,115.1306563,-8.6418427,115.1391881,0.7499005893130943,1.0963709354400635,0.3225555419921875,1613,,,,,49798071,921262,
2019-06-12,1872.612556475,2560.8302305936813,-31.9583719,115.1357478,-8.6447182,116.7112965,39.138783988102155,192.39999389648438,0.24029378592967987,5932,,,,,75455916,3952154,
2019-06-13,1891.3278824072843,3545.732487156987,-31.958604,115.8373747,-31.9475936,115.8720761,0.9817074140783363,38.0,0.17852510511875153,5412,,,,,79608893,4129212,
2019-06-14,1984.5442323754326,4858.720364570618,-31.9589158,115.8185019,-31.9391465,115.8719955,1.003120701067195,18.469999313354492,0.04691746458411217,8318,,,,,76721816,5808345,
2019-06-15,2045.2734472924526,5330.958223104477,-31.9848646,115.818026,-31.9392617,115.8678443,3.720349256484543,71.0,0.10310465097427368,9012,,,,,75334091,6753029,
2019-06-16,1774.4293441497412,992.170956492424,-31.9596283,115.8666837,-31.9572992,115.8709704,4.606616052149222,30.0,0.2519904673099518,2595,,,,,80529965,2303291,
2019-06-17,2018.2260737954741,4789.399291691836,-32.3695686,115.6859307,-31.9549155,116.0224059,4.008918667628475,29.510000228881836,0.226736381649971,8962,,,,,65866117,6351627,
2019-06-18,1966.6967638625374,4199.455547809601,-32.0148353,115.8134285,-31.9435028,116.0809751,3.790807571513634,41.0,0.300310343503952,7341,,,,824340,63193627,4632398,
2019-06-19,2096.303814316212,6607.286260768771,-31.9623321,115.0708879,-30.5018757,115.8769847,17.784681846615317,121.0,0.2818296253681183,11849,,,,,26779940,7664943,
2019-06-20,1812.1666809489186,1405.0737566947937,-31.957884,115.8708159,-31.9574671,115.8710547,1.3476546412905794,3.0,0.27806511521339417,2891,,,,,82065933,2948883,
2019-06-21,2029.1034817238635,5080.1377947330475,-31.9653045,115.833418,-31.9523388,115.8727418,0.9461277061047326,26.0,0.3178657293319702,9869,,,,,74984757,6548279,
2019-06-22,1820.5012595582677,1633.246685743332,-31.9581785,115.8667874,-31.9579419,115.8669556,0.6590691794287086,1.3371388912200928,0.2891877293586731,3059,,,,664715,81416261,2376533,
2019-06-23,1826.6352934900092,2217.2848346829414,-31.9632691,115.1481938,-8.7425331,115.9731753,2.5171807754753894,89.0,0.2558199167251587,5943,,,,,65962654,3189030,
2019-06-24,2125.3327636423874,7762.308046936989,-8.8196938,115.088511,-8.7960677,115.1217495,1.820060642995643,12.449999809265137,0.02593907341361046,7440,,,,2857313,73468337,5052138,
2019-06-25,1841.687682374526,2553.282977104187,-8.8315994,115.1098872,-8.6425508,115.2412891,2.5016420980625234,46.0,0.251825213432312,5222,,,,,72398127,3438867,
2019-06-26,1801.8443829711596,1894.806746006012,-8.6617884,115.1267984,-8.6430539,115.1423525,0.8759564569581284,3.059999942779541,0.27806511521339417,4097,,,,,78699177,2777556,
2019-06-27,1878.7490634631095,1809.122916817665,-8.6623137,115.1267209,-8.6432366,115.1371966,0.8042398720674583,2.559999942779541,0.30078065395355225,3678,,,,732001,75947360,3271381,
2019-06-28,1661.8566111381806,70.67986488342285,-8.6554904,115.1258344,-8.6432472,115.1372184,0.5479649714974345,1.7599999904632568,0.3204241096973419,955,,,,,83194039,454061,
2019-06-29,1812.2332629677855,1502.4219071865082,-8.6618084,115.126034,-8.6432679,115.1347615,1.363583524057148,11.779999732971191,0.4965790808200836,3374,,,,607434,78772702,2300544,
2019-06-30,1652.873735025747,181.49783092737198,-8.6595172,115.1304437,-8.6432999,115.1365973,1.6000322972562735,14.90999984741211,0.3899533152580261,826,,,,,81367331,304965,
2019-07-01,1914.6267233884023,2705.0744301080704,-8.6622383,115.1281498,-8.643301,115.1411424,0.9484926363994141,8.3100004196167,0.3313840925693512,4427,,,,1197191,70604135,3191080,
2019-07-02,1790.5589411535575,1905.170174151659,-8.6617981,115.1266828,-8.6433296,115.1343677,1.3336355087484997,16.06999969482422,0.26349925994873047,4003,,,,,51458280,2590242,
2019-07-03,1682.1782171528746,566.8248564004898,-8.6613622,115.1266752,-8.6432926,115.1346346,0.8331957734799637,13.729999542236328,0.20058657228946686,1502,,,,,78851405,791355,
2019-07-04,1736.3616905356503,1043.4635378718376,-8.6579642,115.1270881,-8.6433336,115.1365437,1.680738170065654,13.5600004196167,0.311665803194046,2378,,,,,80728625,1690683,
2019-07-05,1774.5909313376194,1350.7106729745865,-8.6598744,115.1255934,-8.6432678,115.1353393,1.3953713629587359,11.09000015258789,0.029574302956461906,2473,,,,,80410700,2244764,
2019-07-06,1897.5931990553559,1189.0267151584849,-8.6597981,115.125606,-8.6433009,115.1378216,1.4486708796687469,15.430000305175781,0.3225555419921875,2428,,,,2411362,79377835,1788649,
2019-07-07,1754.3104564299722,741.7536091804504,-8.660211,115.1291426,-8.6432787,115.1344104,1.547522268035283,10.09000015258789,0.24439792335033417,2332,,,,762914,81627179,1172917,
2019-07-08,1734.7788008613522,845.3274059891701,-8.6597364,115.1285499,-8.6432873,115.1344049,0.6716996229376684,14.430000305175781,0.051993995904922485,2048,,,,,78994508,1664411,
2019-07-09,1758.6959746807277,872.6604418158531,-8.6536595,115.1266199,-8.6432524,115.1365414,0.9889013690852759,14.390000343322754,0.1635580062866211,2016,,,,,70419306,1633682,187637
2019-07-10,1745.254412172946,814.3548741340637,-8.6536336,115.1268155,-8.641788,115.1423624,1.361250647424453,17.8799991607666,0.26033616065979004,1636,,,,,58093552,1293267,239104
2019-07-11,1774.1306233481428,1482.0396013259888,-8.6462728,115.1340017,-8.6433705,115.134332,0.7145620262322122,1.2899467945098877,0.300310343503952,3146,,,,,79753379,2317569,
2019-07-12,1709.3961554511254,418.4294352531433,-8.6757541,115.1267256,-8.6359711,115.1675097,1.345935138402343,16.81999969482422,0.3127051591873169,1592,,,,531584,78231084,639065,
2019-07-13,2032.9017219619493,4237.069770812988,-8.6448638,115.1342394,-8.1766532,115.6547353,3.2205575281695724,20.06999969482422,0.028124362230300903,9775,,,,,58299749,6354974,95358
2019-07-14,1779.6007969808643,869.8028231263161,-8.6468175,115.1341324,-8.3337499,115.7000123,2.9682663642541063,22.729999542236328,0.060415755957365036,3611,,,,,64236182,2408360,
2019-07-15,1723.7546152980533,992.7287022992969,-8.6591511,115.1267224,-8.6432933,115.1365283,1.1217235769731042,13.479999542236328,0.26694250106811523,2455,,,,,81448311,1481433,
2019-07-16,1753.4103057289697,630.4816329479218,-8.6433839,115.134332,-8.6433243,115.1344323,0.5640186776487073,1.3300000429153442,0.2558199167251587,1832,,,,,82424429,1394473,254091
2019-07-17,1751.2067436233897,1493.6930760145187,-8.6617303,115.1266983,-8.6431088,115.1422714,2.609587704143997,13.15999984741211,0.3038270175457001,4693,,,,,77954897,1937080,
2019-07-18,1675.93146058033,315.42941123247147,-8.6536179,115.126668,-8.6433123,115.1365483,1.6788003006428989,15.9399995803833,0.010275117121636868,1461,,,,,75667334,687675,
2019-07-19,1681.4230722924763,424.51110339164734,-8.6555179,115.1254997,-8.6432924,115.1344702,0.6713075485687786,8.609999656677246,0.28636661171913147,1570,,,,,79488684,778822,
2019-07-20,2294.0308038854987,10626.923133440316,-8.7448771,103.8492383,1.3482236,115.1697844,30.400359882767404,240.47000122070312,0.05730700492858887,15820,,,,,57130654,10753866,
2019-07-21,2201.6124432079273,6548.50900632143,1.2514515,103.8150935,1.3490828,103.8525785,0.8479983820580623,8.59000015258789,0.3066836893558502,11471,,,,,68766360,9412839,
2019-07-22,2051.58426400637,4196.550370335579,-8.743125,103.8509633,1.339356,115.1850879,2.4458481498298523,52.0,0.2708170711994171,8258,,,,,69388323,6922697,
2019-07-23,1711.0056671614182,916.9532063007355,-8.6548935,115.1266753,-8.6432935,115.1371997,1.0041186867040697,15.569999694824219,0.2558199167251587,1344,,,,74262,69934445,756885,161500
2019-07-24,1831.1768569470962,1908.4091824293137,-8.6615143,115.1272159,-8.6432777,115.1343941,0.5943817060385485,1.3799999952316284,0.26694250106811523,3991,,,,,71654466,3264413,
2019-07-25,1836.8687477813996,2746.4790799617767,-8.6616944,115.128294,-8.6359554,115.1573245,0.6736392429364735,14.850000381469727,0.023913590237498283,3962,,,,628963,77127318,2686424,
2019-07-26,1761.545829091339,1298.300579726696,-8.6620805,115.1260242,-8.6433195,115.1365671,1.6610656365591536,14.989999771118164,0.2460351288318634,2813,,,,,75054297,2108688,
2019-07-27,1721.8975785419677,1225.4483950138092,-8.6618062,115.1282681,-8.642406,115.1386353,2.8949336361108204,13.319999694824219,0.33959680795669556,2533,,,,,81726644,1450611,
2019-07-28,1788.5128341678644,1898.61928743124,-8.6484436,115.1087653,-8.624814,115.1435282,1.1572216286926735,18.75,0.5,3919,,,,,80321514,2556279,
2019-07-29,1708.861883758706,325.25427865982056,-8.6598602,115.1266471,-8.6433224,115.1344618,0.6177844725633757,1.0817203521728516,0.5299999713897705,743,,,,581925,79420119,450985,70673
2019-07-30,1803.466944704912,3250.1496745944023,-8.6625736,115.1269663,-8.6431077,115.1424313,0.7385958187469605,14.6899995803833,0.25252765417099,3388,,,,799197,79542287,1947763,
2019-07-31,1806.9716360980829,2173.656437546015,-8.6638519,115.1266642,-8.6433668,115.1357223,0.6797646009658583,2.1700000762939453,0.24177992343902588,4898,,,,,77668530,2862658,
2019-08-01,1781.754185207687,1461.495787024498,-8.6617288,115.1283882,-8.6432946,115.1345802,0.7982075297712801,12.430000305175781,0.25972986221313477,2768,,,,,79092600,2004617,192805
2019-08-02,1739.6449519957478,1049.975016117096,-8.6591852,115.1253681,-8.6433473,115.1363862,1.411732792108778,15.880000114440918,0.167254239320755,1928,,,,,80328873,1745180,
2019-08-03,1738.19547595303,1154.1570273637772,-8.66172,115.1283128,-8.6433548,115.1373124,2.071592053352939,17.600000381469727,0.26178407669067383,2433,,,,,80210351,1721121,
2019-08-04,1699.624237465795,381.6230049133301,-8.6510785,115.1339501,-8.6432784,115.1353912,0.7649107970586064,1.9299999475479126,0.28292685747146606,1291,,,,,80670092,1080923,
2019-08-05,1671.3748991353723,244.13976955413818,-8.6550485,115.1309449,-8.6415933,115.146174,0.8686630214047042,16.989999771118164,0.33367815613746643,1233,,,,,78822988,612045,
2019-08-06,1780.1839059340437,2869.8616639375687,-8.661469,115.1264989,-8.6432948,115.1365766,0.7897375064957561,13.890000343322754,0.13858263194561005,3126,,,,578126,80419590,1799930,
2019-08-07,1772.803049370182,1743.9647004157305,-8.6616156,115.1268479,-8.6432449,115.1365468,0.8658610174215129,16.09000015258789,0.26694250106811523,3037,,,,,79297042,2295531,
2019-08-08,1760.0424113554384,1699.0113096237183,-8.7847925,115.1288764,-8.643305,115.1943842,0.9227439719164717,13.970000267028809,0.05704518035054207,3477,,,,,74663854,2083734,
2019-08-09,1752.7171138868289,118.74359130859375,-8.6550519,115.1266143,-8.6433301,115.1346219,1.1617351633665758,3.0799999237060547,0.3080534338951111,1032,,,,1395232,81503356,470426,
2019-08-10,2107.989775419224,6940.969249725342,-8.6434768,114.705848,-8.3029752,115.1569986,3.1525172172574507,21.670000076293945,0.2724168300628662,11292,,,,,60419084,7676200,
2019-08-11,1759.1490236847317,1238.8335582017899,-8.644898,114.7963673,-8.4079485,115.143546,2.5886213098128104,21.809999465942383,0.36932823061943054,3296,,,,,73316358,1930113,60890
2019-08-12,1675.7176454211478,306.9001359939575,-8.6554492,115.1266385,-8.6416629,115.1411407,0.9439987155049431,9.050000190734863,0.3225555419921875,1607,,,,,78173773,684123,
2019-08-13,1720.4961609920945,155.1463531255722,-8.6598199,115.1267374,-8.6433679,115.1366804,1.076647398533527,16.15999984741211,0.03497576341032982,917,,,,934381,76052339,428350,
2019-08-14,1763.5306738946385,1798.5144501924515,-8.66178,115.1267228,-8.6431,115.142381,1.098201335202473,10.739999771118164,0.09456034004688263,3378,,,,,79479568,2141630,
2019-08-15,1790.749390944685,2159.1463758051395,-8.6610896,115.1262956,-8.6433139,115.1344034,0.8047250031885363,10.390000343322754,0.24507959187030792,4560,,,,,78275933,2593401,
2019-08-16,1664.659740314258,247.46824193000793,-8.653451,115.1267309,-8.6433112,115.1353898,2.5762680955237194,8.550000190734863,0.171296626329422,1210,,,,,80836609,500587,
2019-08-17,1853.5925917052023,2617.164252728224,-8.6617431,115.1236444,-8.6433406,115.1375785,1.1378386552130133,15.640000343322754,0.1601611077785492,5006,,,,496354,78516829,3105781,
2019-08-18,1866.6200394980156,3259.643557190895,-8.66108,115.1251481,-8.6433148,115.1365845,1.3002005313994882,12.369999885559082,0.028912311419844627,5377,,,,,70928272,3852689,
2019-08-19,1817.6477569077783,2178.5406409054995,-8.6604972,115.1127505,-8.6204006,115.1586692,1.3224093636908236,15.15999984741211,0.013170712627470493,4769,,,,,74737604,3039858,
2019-08-20,1951.5234304728176,3239.073022477329,-8.6618515,115.1126979,-8.6203774,115.1435711,1.215955905872242,20.350000381469727,0.20421543717384338,4272,,,,1955974,74841224,3170659,
2019-08-21,1702.3383118293507,1022.6702169179916,-8.6617372,115.1289583,-8.6433243,115.1365663,3.5629911627625876,16.200000762939453,0.26213395595550537,1280,,,,,82301081,893552,70087
2019-08-22,1686.4066781961822,214.87298703193665,-8.6573631,115.1267309,-8.643309,115.1366086,1.893569855157962,8.75,0.271770179271698,1398,,,,,80970761,852056,
2019-08-23,1705.165715289116,463.40607583522797,-8.6538659,115.1265532,-8.6432827,115.1365601,0.856906430726661,10.510000228881836,0.25140947103500366,1209,,,,,79826301,1172897,
2019-08-24,2124.0270001252625,4990.979847311974,-8.7789654,115.1342311,-8.637076,115.6227609,6.5347366482496225,54.0,0.02944946102797985,11923,,,,,62684969,8056195,30223
2019-08-25,2076.5611851154463,11575.282707214355,-8.8175331,115.1343493,-8.6433828,115.6061145,1.5534936553882481,17.239999771118164,0.16926951706409454,7778,,,,2502639,60911396,4115454,
2019-08-26,1716.7079856888347,894.9733501672745,-8.6607418,115.1256541,-8.643377,115.1368749,0.8172316940080095,13.09000015258789,0.27901169657707214,2369,,,,,71826712,1364475,
2019-08-27,1751.9405823351813,1082.5200296640396,-8.6534644,115.1241172,-8.6394707,115.1345187,0.6166860575162896,2.0399999618530273,0.27806511521339417,2798,,,,,76985719,1949261,
2019-08-28,1791.7834620890544,1530.4838436841965,-8.6619416,115.1266242,-8.6433413,115.1379396,0.7826344874420417,16.889999389648438,0.2675723731517792,3121,,,,706380,76210935,1855333,
2019-08-29,1756.7561312838131,1692.6302148401737,-8.6602593,115.1265634,-8.6433715,115.1379126,1.3611031317705018,16.149999618530273,0.2409900426864624,2995,,,,,75877709,1712617,130346
2019-08-30,1699.3645107271702,429.06567192077637,-8.6597848,115.1254701,-8.6433627,115.1365636,1.1531654757152596,15.149999618530273,0.32314711809158325,1727,,,,,77271004,1076610,
2019-08-31,1769.297105098379,1276.480297923088,-8.6537781,115.1320108,-8.6415819,115.142335,0.8048292410910645,1.399999976158142,0.3395303189754486,3173,,,,,76858089,1537454,307046
2019-09-01,1736.860563197032,774.6576230227947,-8.6601217,115.1284903,-8.6433049,115.136866,1.667848674588608,14.460000038146973,0.04802022874355316,2229,,,,,81337224,1698964,
2019-09-02,1692.163971530766,191.8419367671013,-8.6600148,115.1256034,-8.6416742,115.1423292,1.2886316651067669,16.239999771118164,0.0303718950599432,864,,,,,76353999,957098,
2019-09-03,1793.194650428551,2023.2816858887672,-8.662246,115.1266728,-8.6432297,115.1365204,1.9858303566830755,14.210000038146973,0.33367812633514404,3983,,,,,70080602,2633989,
2019-09-04,1810.0639084604618,1822.1943137645721,-8.660478,115.1261956,-8.6431012,115.1423089,1.5870925528653366,17.549999237060547,0.04101043567061424,3801,,,,,49035156,2636900,121558
2019-09-05,1795.4085799095337,1766.922790646553,-8.6617729,115.126671,-8.6433874,115.1412461,2.7750877487274614,17.049999237060547,0.031382493674755096,3298,,,,,76164860,2670735,
2019-09-06,1699.5450183848177,571.1038305163383,-8.6537319,115.1267099,-8.6433692,115.1343685,0.7185278407144854,5.690000057220459,0.019719434902071953,2212,,,,,76878730,1079604,
2019-09-07,1757.3972420897771,1248.096389785409,-8.6617555,115.1282972,-8.643336,115.1365259,0.7933790024464367,8.930000305175781,0.13802194595336914,2817,,,,,49647170,2039827,
2019-09-08,2261.4267116795027,7789.85208876431,-8.6436863,115.1342569,-8.4147073,115.3162812,2.439805888531099,18.40999984741211,0.00884723849594593,13352,,,,446208,57522658,9916038,
2019-09-09,1749.9825471504143,1522.414279744029,-8.6622149,115.1266893,-8.6433892,115.1349962,0.9653304530608828,13.390000343322754,0.25134071707725525,3286,,,,,78993970,1881611,
2019-09-10,1768.8628598127598,1957.4472616910934,-8.66516,115.1329451,-8.6418739,115.1424386,1.0002654685333012,8.880000114440918,0.25212812423706055,3071,,,,,82084229,2015225,
2019-09-11,1759.487049344068,1765.2833942174911,-8.6624458,115.1295929,-8.6433892,115.135387,1.0495018248930492,11.0600004196167,0.2895706295967102,3063,,,,121175,81418928,1944959,
2019-09-12,1666.019697369603,282.4544851779938,-8.6533969,115.1267412,-8.6432591,115.1350527,1.750050783722991,12.229999542236328,0.2636426091194153,1257,,,,,78736570,523160,
2019-09-13,1773.537593805539,1558.9476835727692,-8.6556704,115.1239312,-8.642248,115.1422759,1.5669265646236328,11.460000038146973,0.2909107804298401,3306,,,,,78353750,2307724,
2019-09-14,1771.4579181323336,1455.2771593034267,-8.6556959,115.1226487,-8.6433308,115.1365471,1.5795987564682936,15.84000015258789,0.2833947539329529,2584,,,,436001,81518412,1807051,
2019-09-15,1803.0632094061502,1951.4274052381516,-8.7448965,115.1343654,-8.5109011,115.2617766,0.8998798186153749,18.0,0.10416907072067261,3910,,,,,60466854,2768522,
2019-09-16,1998.0107239707368,5025.99495780468,48.8531011,2.2558065,49.0156379,2.5431977,1.173452874469512,6.0,0.27346864342689514,7715,,,,,73020146,6032097,
2019-09-17,2092.902186044588,6926.611133217812,45.6049395,2.2558078,48.8838842,5.2364619,1.2025223249535284,28.110000610351562,0.27806511521339417,11754,,,,,65869730,7608484,
2019-09-18,1744.8132572077639,437.8657832145691,45.5959142,5.2250819,45.604879,5.2345575,0.9024152318733977,11.239612579345703,0.09000128507614136,700,,,,1021617,83751587,738692,
2019-09-19,1827.1419887813058,2403.457803249359,45.5963136,5.2042756,45.6012729,5.2290531,0.8040508498244945,7.360000133514404,0.329753041267395,1772,,,,1634099,81568319,1450330,
2019-09-20,1667.4822684712642,215.06871223449707,45.5539998,5.2282419,45.6068038,5.8633641,1.5306791072341441,37.34336853027344,0.26441580057144165,947,,,,,81579128,547435,
2019-09-21,2179.6418994984374,2208.052381634712,45.6026858,5.8637993,46.1525653,6.7553705,1.8070190336358143,37.36054611206055,0.02558152750134468,4546,,,,6156519,66056794,2465882,
2019-09-22,1667.1281765910308,101.46637678146362,46.1061993,6.4607323,46.139638,6.7443831,0.42346558116961136,1.1399999856948853,0.33367815613746643,1841,,,,,78416326,541558,
2019-09-23,1760.94468026268,5617.447932720184,45.5889373,5.1998252,45.607814,5.2471859,0.8179323400537808,22.345096588134766,0.3126085698604584,1000,,,,1694892,77176960,286601,
2019-09-24,1723.0400998561963,1700.5311646461487,45.5754628,5.221591,45.5971935,5.2291152,1.0720333755342482,13.698023796081543,0.3231472671031952,2425,,,,,83684639,1467680,
2019-09-25,1635.3688511202643,,45.5963807,5.2285359,45.596568,5.2287581,0.7194085187479513,3.4781575202941895,0.6035895347595215,155,,,,,85504814,14422,
2019-09-26,1772.39622814417,4947.470854997635,45.5962882,5.2046502,45.6066637,5.2287959,1.5333497703829881,6.900000095367432,0.14009876549243927,241,,,,2112506,83784861,30177,
2019-09-27,1818.799943237752,1180.2856740951538,45.5958014,5.2195954,45.7944368,5.3051013,2.011288483628234,22.35767936706543,0.39435476064682007,2134,,,,1634497,72446511,1013223,130833
2019-09-28,1699.6850026872369,686.9632631540298,45.5954382,5.2284089,45.5970751,5.2309447,1.1207122040482507,7.027522563934326,0.3109837770462036,1303,,,,,84836155,1081929,
2019-09-29,1709.9404603634616,908.7016524076462,45.595621,5.2280426,47.4954943,6.4075603,5.268759198979325,37.31999969482422,0.5165725946426392,3599,,,,,70006486,1040287,92945
2019-09-30,1736.2747996214123,1428.0054626464844,45.7728622,5.2787767,47.4440503,6.3744463,3.153957700558229,52.882728576660156,0.33367815613746643,2962,,,,,66353417,1682386,
2019-10-01,1819.5666986476847,6251.100515842438,45.5775861,5.2106073,45.7647031,5.2969472,2.1589772216106917,19.471349716186523,0.26275432109832764,1418,,,,1945598,79228783,991554,
2019-10-02,1686.1265712530994,492.2006286382675,45.5964033,5.2284463,45.5964889,5.2286379,0.4896598372684092,1.46428644657135,0.33799928426742554,1273,,,,,83026541,856891,
2019-10-03,1890.6546208752802,6238.825316309929,45.566291,5.2051589,45.5968165,5.2761622,1.2793185949905015,14.728636741638184,0.0,1496,,,,2634566,44900974,1432970,
2019-10-04,1711.3862765661954,107.03684616088867,45.5915743,5.2285968,45.5965462,5.2471569,0.7194188379226212,1.52653968334198,0.26788491010665894,803,,,,842723,84032393,375142,
2019-10-05,1697.429451868281,856.6602251529694,45.5937643,5.2158678,45.5992576,5.2366161,1.6920780136701719,15.443436622619629,0.2880660891532898,1716,,,,,43321031,1044492,
2019-10-06,1878.3453637710122,2978.5650656223297,48.8142719,2.2550958,48.8864872,2.3409983,0.5893051655597425,18.0,0.12260813266038895,4578,,,,362372,75805334,3659872,
2019-10-07,1857.1437364555247,3229.037313103676,25.2483326,2.2558138,49.0168997,51.6149461,0.9349526074286805,27.030000686645508,0.2653418183326721,7524,,,,,73274493,3695403,
2019-10-08,2068.4631959913986,5487.57696185261,24.8421396,51.5009968,25.3261662,51.617382,3.43732193588811,79.06071472167969,0.044110700488090515,10654,,,,,64381455,7198707,
2019-10-09,1802.8535115807474,2203.4135135412216,-8.6591068,51.5399626,25.2845022,115.1345885,1.2398641600301037,27.321083068847656,0.2558199167251587,4592,,,,,68497354,2794304,
2019-10-10,1697.983526434271,379.44891476631165,-8.6592094,115.1309343,-8.6527741,115.1357029,0.6218546528784306,0.9670737385749817,0.24963733553886414,1620,,,,,71921963,1053690,
2019-10-11,1857.116274957263,2144.3623604774475,-8.6591504,115.1292252,-8.6469179,115.1354315,0.6214606463058716,9.053764343261719,0.2514543831348419,2724,,,,945394,46531966,2684173,
2019-10-12,1848.6737357581774,1857.5899655222893,-8.6618411,115.1265392,-8.6516697,115.1360318,0.6931237447543177,11.571261405944824,0.06568751484155655,4176,,,,976659,80412267,2491116,
2019-10-13,1695.3444416252262,288.36258029937744,-8.6600293,115.1333758,-8.6462307,115.1361842,1.6377616459229363,5.285445213317871,0.2891877293586731,1172,,,,,75806732,862559,64634
2019-10-14,1761.51299175745,1785.4620079994202,-8.6616055,115.1266613,-8.6523843,115.1346901,1.6014326486337918,9.768670082092285,0.3460833728313446,3864,,,,,79738308,2108142,
2019-10-15,1735.8859730052368,415.2770895957947,-8.661969,115.1326455,-8.6560946,115.1350304,0.9333496671031897,11.963068962097168,0.3550337851047516,1203,,,,790880,76772343,698092,61034
2019-10-16,1867.0937817421604,3031.7979929447174,-8.662016,115.1258153,-8.6518431,115.1347317,2.487289859351389,14.545679092407227,0.29504871368408203,5095,,,,341179,74780865,3495780,
2019-10-17,1818.6297821698113,2687.010500192642,-8.6621363,115.1266886,-8.653434,115.1347162,1.525963660813063,3.3345425128936768,0.22963418066501617,4595,,,,,81630672,2923005,
2019-10-18,1755.4861554291354,1294.8439841270447,-8.6687751,115.1266646,-8.6514606,115.1412306,0.9333819816165418,10.584611892700195,0.047569263726472855,2866,,,,,82205884,1867182,61826
2019-10-19,1802.9510479382643,1009.048041343689,-8.661549,115.1324037,-8.6547389,115.1412986,1.1204768832659247,2.2484123706817627,0.2605787217617035,1973,,,,1026914,83197151,1697988,
2019-10-20,1831.0491462206744,2605.5064442157745,-8.6620118,115.1250522,-8.648012,115.1354144,0.9113551096740654,11.39985466003418,0.060989830642938614,5062,,,,,79810587,3262290,
2019-10-21,1736.4009566781915,1443.2951216101646,-8.6591898,115.1162758,-8.6246199,115.1435663,1.2858708238082968,16.609464645385742,0.2945989668369293,3775,,,,,80052088,1691335,
2019-10-22,1876.8196223210641,2711.018018603325,-8.6601681,115.1128163,-8.6243672,115.1309225,0.8708447422214554,12.279596328735352,0.26323202252388,5487,,,,71159,78655616,3739916,90367
2019-10-23,1814.9922193286536,1845.8491361141205,-8.6579871,115.1240139,-8.6432418,115.149571,1.1164631599106534,13.12026596069336,0.3336781859397888,3016,,,,1157706,72638075,1720348,
2019-10-24,1851.7914955634387,3195.962134718895,-8.6643359,115.1254993,-8.6408555,115.139048,1.1856155316992185,15.961548805236816,0.25064536929130554,4135,,,,691838,75245755,2854089,
2019-10-25,1896.2767461806407,4544.613535404205,-8.6617215,115.1252421,-8.6413208,115.1422633,0.996136071668628,9.753308296203613,0.2452581226825714,4653,,,,1384124,77179559,2865079,
2019-10-26,1733.7359672741807,950.0804672241211,-8.6616344,115.1252375,-8.6405078,115.1390652,1.1921892294966314,12.361449241638184,0.3271608054637909,2456,,,,,77627290,1647103,
2019-10-27,1872.2542347547594,4002.062511920929,-8.6627906,115.1252303,-8.6400074,115.1426411,1.2812093568322516,14.886082649230957,0.01946360617876053,5917,,,,363719,67101406,4988982,
